0.52,-0.63,0.81,-0.79,1.24,-1.17,0.61,-2.65,1.51,-3.62,0.99,-0.46,0.22,-2.67,0.19,-5.23,0.59,0.98,0.25,0.98,-2.27,1.18,0.01,-0.63,1.17,0
0.05,-0.37,0.03,-0.04,-0.29,-0.77,-1.55,-2.38,-2.83,-3.27,-0.09,-0.88,-0.51,-1.12,-1.6,-1.99,0.14,0.05,-2.41,-2.68,-2.97,0.15,-0.24,-1.48,-0.82,1
-0.01,0.05,0.41,-0.48,-0.2,-0.95,-0.97,-0.82,-1.52,-1.02,1.35,1.13,1.01,0.48,-0.07,0.37,-0.46,-1.82,-1.82,-1.67,-1.3,-0.13,-1.05,-1.42,-1.56,1
0.45,0.32,0.11,-0.09,-0.48,-0.42,-0.65,-0.91,-0.23,-0.55,-0.21,0.41,0.01,0.17,0.01,0.02,-0.06,-1.08,-1.56,-1.17,-1.46,-0.36,-0.48,-1.12,-1.06,1
-1.1,-1.35,0.39,-0.44,1.71,1.29,2.34,3.15,5.13,8.11,0.74,0.82,0.09,0.14,1.2,1.97,0.42,2.8,3.96,4.61,5.21,1.15,1.02,2.68,2.97,1
0.57,0.77,-0.06,0.09,-0.1,0.46,0.05,0.38,-0.25,0.64,0.23,0.71,0.24,0.76,0.3,0.98,-0.24,-0.61,-0.61,-0.39,0.1,-0.56,-0.21,0.02,-0.4,0
0.21,1.05,-0.04,0.03,0.08,0.59,0.29,0.57,-0.3,-0.28,0.04,0.52,0.08,0.48,0.05,0.52,-0.07,-0.23,0.23,0.27,0.38,-0.24,0.12,0.48,0.11,0
-0.59,-0.06,-0.1,0.1,1.18,0.96,3.15,2.1,4.12,2.86,0.54,0.45,1.77,1.27,3.97,1.93,-0.06,0.55,2.08,3.41,2.55,0.2,0.42,1.33,1.4,0
0.46,0.63,-0.21,0.2,-0.88,-0.48,-1.35,-0.94,-3.37,-2.65,-0.46,0.25,-0.54,-0.3,-1.45,-0.57,0.09,-0.86,-1.26,-2.05,-1.57,-0.16,-0.04,-0.83,-1.15,1
1.87,2.41,-0.25,0.33,-0.7,-0.21,-0.91,-0.67,-1.41,-0.33,-0.16,0.04,-0.66,0.0,-1.25,0.6,-0.42,-1.53,-1.59,-1.47,-0.89,-0.82,-0.62,-1.12,-1.32,1
-1.1,-1.35,0.39,-0.44,1.71,1.29,2.34,3.15,5.13,8.11,0.74,0.82,0.09,0.14,1.2,1.97,0.42,2.8,3.96,4.61,5.21,1.15,1.02,2.68,2.97,1
0.1,0.32,0.25,-0.2,-0.31,-0.71,-0.42,-0.29,-2.35,-1.27,0.39,-0.45,0.54,0.32,-0.2,0.65,-0.13,-0.97,-0.95,-1.43,-0.91,-0.13,-0.56,-0.65,-0.59,1
-0.37,-0.32,-0.27,0.26,0.89,0.91,2.72,1.64,2.86,1.58,0.54,0.83,1.54,1.48,3.4,1.74,-0.15,0.33,1.76,2.76,1.79,0.06,0.33,1.02,1.07,0
-1.39,-1.43,-0.27,0.22,0.5,1.37,0.77,1.84,1.45,3.06,1.05,1.56,1.66,2.68,2.15,3.58,-0.23,0.63,0.25,0.11,1.36,0.1,0.83,1.02,0.19,1
-1.53,-2.1,0.22,-0.19,2.19,1.55,3.11,2.85,2.61,3.12,1.22,0.79,2.36,1.4,3.19,2.7,0.33,2.28,2.82,2.99,2.94,1.14,1.41,2.59,2.73,1
-0.37,-0.64,0.1,-0.12,0.45,0.34,1.07,0.35,-0.09,-2.06,-0.58,-0.18,-0.25,0.15,1.07,-0.6,0.26,0.86,1.17,1.33,0.06,0.53,0.36,0.72,1.01,1
0.25,0.37,0.18,-0.21,-0.54,-0.77,-1.54,-1.32,-2.74,-2.3,0.02,0.22,-0.24,-0.48,-1.62,-0.91,-0.19,-0.64,-1.69,-2.24,-1.9,-0.3,-0.36,-1.12,-1.17,0
-0.48,0.03,-0.23,0.25,0.16,0.37,1.28,1.25,0.92,1.16,-0.17,0.64,0.75,1.17,1.82,1.86,-0.18,-0.06,1.13,1.32,1.25,-0.17,0.13,0.58,0.48,0
-1.42,-1.8,-0.2,0.09,1.6,1.56,2.39,2.45,1.3,2.06,0.65,0.45,1.8,1.92,2.51,2.43,0.08,1.71,2.45,2.23,2.47,0.62,1.22,2.22,2.17,1
-0.64,0.01,-0.37,0.43,-0.7,-0.1,-1.45,-0.97,-2.05,-2.1,-1.11,0.0,-0.96,-0.14,-1.27,-0.7,0.03,-0.59,-1.69,-2.02,-1.85,-0.24,0.22,-0.75,-1.04,1
0.95,1.11,-0.04,0.03,-0.2,0.0,-0.11,0.23,-1.51,-0.68,0.15,0.08,0.37,0.15,0.03,0.46,-0.13,-0.37,0.03,-0.46,0.1,-0.25,-0.23,0.14,-0.11,0
0.55,0.84,-0.03,0.01,-0.77,-0.5,-1.38,-1.15,-2.43,-2.03,-0.25,0.17,-0.25,-0.13,-0.74,-0.34,-0.14,-1.26,-1.86,-2.16,-1.81,-0.43,-0.4,-1.27,-1.39,0
0.35,0.8,0.09,-0.11,0.16,0.35,0.29,0.39,-0.58,-0.89,0.05,0.0,0.12,0.26,-0.08,0.33,-0.09,-0.24,0.38,0.37,0.22,-0.15,0.01,0.39,0.19,0
-0.16,0.11,-0.12,0.12,-0.49,-0.35,-1.87,-1.56,-2.82,-2.33,-0.11,-0.11,-0.5,-0.49,-2.26,-1.32,-0.11,-0.22,-1.73,-2.64,-2.08,-0.11,0.05,-0.94,-1.02,0
-1.92,-2.1,-0.17,0.17,1.46,2.64,1.69,3.56,3.43,6.14,-1.15,-0.33,-2.01,0.06,-0.82,1.1,0.76,4.33,4.82,4.25,4.83,1.36,2.23,4.19,4.01,0
-0.16,0.11,-0.12,0.12,-0.49,-0.35,-1.87,-1.56,-2.82,-2.33,-0.11,-0.11,-0.5,-0.49,-2.26,-1.32,-0.11,-0.22,-1.73,-2.64,-2.08,-0.11,0.05,-0.94,-1.02,0
-0.51,-0.09,-0.25,0.25,0.09,0.24,1.18,1.1,0.64,0.89,-0.25,0.52,0.66,1.03,1.68,1.72,-0.18,-0.11,0.97,1.19,1.05,-0.2,0.13,0.46,0.41,0
0.9,1.03,-0.03,0.03,-0.68,-0.49,-1.2,-1.03,-2.45,-2.09,0.15,0.13,-0.18,-0.08,-0.83,-0.36,-0.24,-1.19,-1.42,-1.82,-1.63,-0.53,-0.62,-1.07,-1.08,0
-0.03,-0.37,0.12,-0.14,-0.98,-1.22,-2.5,-2.9,-4.96,-5.78,-0.34,-0.3,-0.82,-1.33,-2.96,-2.71,0.05,-0.73,-3.01,-3.57,-4.06,-0.04,-0.51,-1.79,-1.66,0
-1.23,-1.01,0.13,-0.15,0.79,0.68,1.64,1.45,0.25,0.48,-0.41,-0.11,0.52,0.48,1.9,1.25,0.1,0.84,1.01,1.41,1.23,0.16,0.71,1.06,0.94,1
-1.03,-0.01,-0.43,0.51,-0.61,0.06,-1.46,-0.86,-2.22,-2.07,-1.49,0.16,-1.36,-0.29,-1.59,-0.76,0.12,-0.26,-1.39,-1.83,-1.6,-0.06,0.44,-0.5,-0.71,1
-0.03,0.09,-0.13,0.11,0.57,1.09,0.41,1.25,1.48,1.92,-0.25,0.07,-0.15,0.43,-0.01,0.7,0.09,1.12,1.48,1.27,1.87,0.18,0.51,1.19,0.92,0
-0.4,-0.45,-0.22,0.22,0.92,0.88,2.56,1.55,2.88,1.51,0.62,0.58,1.51,1.45,3.32,1.75,-0.07,0.38,1.48,2.47,1.59,0.18,0.42,0.95,0.96,0
-0.04,-0.12,0.09,-0.1,-0.36,-0.78,-1.81,-2.61,-0.27,-3.17,0.02,-0.36,-0.22,-1.05,-2.02,-2.62,-0.03,-0.24,-2.13,-2.44,-3.03,0.03,-0.27,-1.42,-1.08,0
0.87,1.07,0.11,-0.09,-1.75,-1.7,-2.66,-2.63,-4.12,-4.52,0.03,-0.35,-0.81,-1.03,-2.69,-2.21,-0.12,-1.87,-2.93,-3.31,-3.45,-0.57,-1.03,-2.26,-2.42,0
1.38,1.52,-0.05,-0.02,-0.84,-0.79,-1.33,-1.44,-1.96,-2.3,-0.96,-1.12,-1.74,-1.53,-2.22,-1.57,0.04,-1.0,-1.02,-1.25,-1.43,-0.15,-0.27,-1.0,-0.89,1
-0.04,0.09,-0.05,0.06,-0.93,-1.64,-3.42,-4.27,-6.46,-7.24,-0.41,-1.07,-1.34,-2.24,-4.44,-4.4,0.34,-0.67,-3.87,-4.82,-5.31,0.36,-0.09,-2.75,-1.95,1
-0.43,-0.72,0.24,-0.29,0.43,-0.31,1.13,-0.09,0.17,-0.34,-0.34,-0.5,1.12,0.27,1.97,0.99,-0.1,-0.23,-0.31,0.54,-0.49,-0.15,-0.47,-0.41,0.09,1
0.43,0.57,0.02,-0.04,-1.07,-1.55,-2.41,-3.16,-1.95,-4.46,-0.01,-0.22,-1.23,-1.83,-3.58,-3.89,0.05,-0.43,-1.6,-2.26,-3.31,-0.16,-0.61,-1.61,-0.95,0
-1.05,-1.32,-0.05,0.02,1.09,1.0,3.27,3.5,8.21,10.26,0.77,0.75,2.14,2.24,5.73,5.42,-0.16,0.21,1.85,3.69,4.72,0.08,0.15,1.21,0.97,0
-0.61,-0.82,-0.13,0.12,0.13,0.1,-0.01,-0.05,1.54,2.91,0.71,0.55,1.0,1.02,1.74,1.87,-0.17,-0.61,-1.76,-0.99,-0.14,-0.15,-0.09,-0.77,-0.89,0
1.5,3.0,-0.52,0.58,-1.06,-0.28,-1.43,-0.99,-2.97,-2.55,-0.79,-0.06,-1.72,-1.21,-2.84,-1.73,-0.36,-0.66,-0.43,-1.03,-1.03,-0.86,-0.42,-0.41,-0.71,1
1.24,2.54,0.04,0.06,-0.73,-0.46,-0.81,-0.18,0.62,0.97,-0.48,-0.21,-1.11,-1.08,-1.16,-0.69,-0.22,-0.95,0.14,0.06,0.65,-0.65,-0.69,-0.58,-0.9,1
0.9,1.1,0.04,-0.13,-0.28,-0.31,-0.75,-0.77,-2.89,-2.32,0.08,-0.04,0.1,-0.03,-0.65,-0.11,-0.19,-0.71,-1.33,-1.76,-1.52,-0.27,-0.33,-0.57,-0.56,0
0.07,0.0,0.21,-0.23,0.57,0.09,1.58,0.86,1.55,1.21,-0.1,-0.48,1.36,0.77,2.68,2.0,-0.04,-0.15,0.34,1.28,0.52,0.02,-0.33,0.09,0.4,1
-1.14,-1.44,0.34,-0.38,1.59,1.31,2.08,3.12,4.87,8.02,0.6,0.64,-0.17,0.04,0.76,1.83,0.45,2.81,3.87,4.39,5.19,1.2,1.11,2.71,2.87,1
-1.81,-2.03,0.13,-0.09,2.04,1.55,2.99,2.78,2.64,3.27,1.04,0.78,2.24,1.51,3.05,2.67,0.27,2.13,2.78,2.96,2.93,1.06,1.45,2.53,2.59,1
-0.49,-0.13,-0.27,0.29,-0.41,-0.55,-2.17,-2.3,-3.01,-2.94,-0.41,0.75,-0.82,-0.64,-2.28,-1.77,0.2,-0.03,-2.78,-3.23,-3.02,0.03,0.02,-1.55,-1.1,1
-0.61,-0.82,-0.13,0.12,0.13,0.1,-0.01,-0.05,1.54,2.91,0.71,0.55,1.0,1.02,1.74,1.87,-0.17,-0.61,-1.76,-0.99,-0.14,-0.15,-0.09,-0.77,-0.89,0
0.11,0.04,-0.23,0.14,-0.08,0.51,0.01,1.05,-1.15,0.52,0.36,0.92,0.23,1.36,-0.01,1.55,-0.09,-0.05,0.55,-0.08,0.71,-0.12,0.21,0.69,0.16,1
-0.18,0.34,-0.13,0.15,0.45,0.75,1.68,1.54,1.46,1.28,0.05,0.5,1.05,1.29,2.25,1.99,-0.08,0.18,1.53,1.74,1.59,0.05,0.3,0.97,0.72,0
0.5,0.17,0.2,-0.22,-0.66,-1.18,-2.05,-2.57,-3.52,-4.21,-0.03,-0.41,-0.62,-1.46,-2.29,-2.46,-0.05,-0.69,-2.49,-2.95,-3.28,-0.2,-0.69,-1.76,-1.46,0
0.68,0.4,0.14,-0.11,-0.78,-1.32,-2.52,-3.27,-2.46,-4.91,0.48,-0.38,-0.63,-2.02,-2.93,-3.79,0.24,-0.36,-2.5,-3.02,-3.67,-0.13,-0.4,-1.85,-1.46,1
0.11,0.04,-0.23,0.14,-0.08,0.51,0.01,1.05,-1.15,0.52,0.36,0.92,0.23,1.36,-0.01,1.55,-0.09,-0.05,0.55,-0.08,0.71,-0.12,0.21,0.69,0.16,1
1.29,1.58,-0.08,0.01,-0.8,-0.72,-1.09,-1.29,-1.55,-1.86,-0.95,-1.0,-1.65,-1.38,-1.94,-1.43,0.03,-0.99,-0.93,-1.01,-1.2,-0.19,-0.3,-0.98,-0.82,1
0.68,0.4,0.14,-0.11,-0.78,-1.32,-2.52,-3.27,-2.46,-4.91,0.48,-0.38,-0.63,-2.02,-2.93,-3.79,0.24,-0.36,-2.5,-3.02,-3.67,-0.13,-0.4,-1.85,-1.46,1
-0.51,-0.42,-0.38,0.36,0.38,1.23,1.66,2.54,2.78,3.88,-0.4,-0.23,0.34,0.4,2.48,1.46,0.02,1.05,1.86,2.29,3.21,-0.11,0.83,1.81,0.9,1
-1.06,-0.12,-0.41,0.46,-0.53,0.12,-1.45,-0.93,-2.43,-2.3,-1.54,0.05,-1.47,-0.37,-1.73,-0.93,0.14,-0.08,-1.29,-1.78,-1.65,0.05,0.49,-0.42,-0.54,1
-0.56,-0.91,0.11,-0.07,1.11,0.62,2.16,1.37,2.18,0.77,0.07,-0.68,0.51,0.83,2.65,1.01,0.24,1.29,1.56,2.28,1.3,0.65,0.51,1.07,1.42,1
0.12,0.23,0.06,-0.07,-0.43,0.02,0.03,0.9,-0.19,0.86,-0.41,-0.28,0.12,0.46,0.35,1.17,0.16,-0.23,0.85,0.44,1.04,-0.09,0.17,0.26,-0.2,0
-0.59,-0.3,-0.33,0.3,-0.33,0.03,-1.61,-1.51,-3.17,-3.38,-1.07,-0.3,-1.34,-0.48,-2.15,-1.63,0.12,0.17,-1.43,-2.09,-2.28,0.22,0.35,-0.61,-0.42,1
0.76,0.45,0.16,-0.14,-0.53,-0.84,-1.64,-1.54,1.92,-0.38,0.53,0.31,-0.2,-0.66,-1.76,-1.92,0.08,-0.07,-0.62,-1.27,-1.1,-0.08,-0.55,-0.84,-0.64,0
-1.44,-1.62,-0.01,-0.01,0.47,0.13,-0.34,-1.05,-0.03,-2.2,-1.25,-0.39,-2.97,-2.37,-3.56,-5.45,0.5,2.0,1.88,1.76,-0.08,0.81,0.86,1.09,1.91,0
1.02,1.33,0.07,-0.04,-1.01,-1.01,-1.58,-1.28,1.98,0.28,0.58,0.15,-0.08,-0.37,-1.27,-1.31,-0.08,-1.01,-0.91,-1.24,-0.85,-0.45,-0.81,-1.21,-1.32,0
-0.3,-0.06,-0.02,0.0,-0.53,-0.41,-1.64,-1.38,-2.27,-2.02,-0.04,-0.32,-0.26,-0.5,-1.83,-1.14,-0.23,-0.33,-1.57,-2.31,-1.82,-0.25,-0.07,-0.9,-1.05,0
1.42,1.42,0.24,-0.2,-0.95,-2.31,-2.6,-4.21,-2.67,-5.61,-0.03,-0.91,-1.08,-2.97,-3.76,-5.29,-0.42,-1.73,-2.22,-2.93,-4.13,-0.66,-1.6,-2.65,-1.55,1
1.24,2.54,0.04,0.06,-0.73,-0.46,-0.81,-0.18,0.62,0.97,-0.48,-0.21,-1.11,-1.08,-1.16,-0.69,-0.22,-0.95,0.14,0.06,0.65,-0.65,-0.69,-0.58,-0.9,1
-0.58,-0.76,-0.02,-0.01,0.21,-0.13,0.12,-0.32,-0.05,0.31,0.75,0.37,0.82,0.46,0.96,0.75,-0.1,-0.18,-0.83,-0.55,-0.47,0.02,-0.1,-0.49,-0.26,0
1.56,2.8,-0.24,0.33,-0.81,-0.38,-1.43,-0.74,-1.97,-0.91,-0.46,-0.03,-1.47,-1.09,-2.5,-1.2,-0.38,-0.8,-0.25,-0.84,-0.41,-0.81,-0.58,-0.44,-0.8,1
-0.83,-0.96,-0.02,0.01,0.08,-0.28,-0.16,-0.59,-0.69,-0.26,0.65,0.29,0.75,0.37,0.62,0.56,-0.19,-0.37,-1.08,-0.93,-0.82,-0.12,-0.23,-0.7,-0.46,0
0.13,0.73,-0.12,0.1,-0.41,-0.7,-0.85,-1.31,1.13,-1.09,-0.08,-0.01,-0.8,-1.09,-1.99,-2.55,0.02,0.15,0.28,-0.04,-0.81,-0.1,-0.35,-0.31,0.14,0
-1.05,-1.32,-0.05,0.02,1.09,1.0,3.27,3.5,8.21,10.26,0.77,0.75,2.14,2.24,5.73,5.42,-0.16,0.21,1.85,3.69,4.72,0.08,0.15,1.21,0.97,0
-0.31,-0.02,-0.2,0.2,0.72,0.84,2.38,1.58,1.8,0.79,0.23,0.68,1.39,1.23,2.93,1.68,-0.19,0.3,1.78,2.37,1.6,0.01,0.3,1.1,1.02,0
0.63,0.61,-0.04,0.09,-0.19,0.3,-0.18,0.18,-0.31,0.72,0.18,0.57,0.17,0.69,0.2,0.99,-0.31,-0.76,-0.97,-0.72,-0.14,-0.64,-0.36,-0.24,-0.64,0
-0.68,-0.12,-0.15,0.15,1.04,0.84,2.79,1.79,3.59,2.19,0.59,0.67,1.69,1.34,3.68,1.9,-0.11,0.41,1.63,2.8,2.0,0.16,0.35,1.08,1.12,0
-1.28,-2.25,0.28,-0.27,2.27,1.57,3.11,2.86,2.45,2.87,1.36,0.65,2.41,1.35,3.24,2.67,0.36,2.37,2.78,2.87,2.89,1.17,1.36,2.6,2.79,1
-0.21,0.14,-0.15,0.13,0.54,0.41,0.7,0.66,2.87,1.15,-0.28,0.28,-0.43,-0.32,-0.63,-1.17,0.17,1.35,2.22,1.98,1.51,0.27,0.14,1.35,1.61,0
0.89,0.94,-0.04,0.04,-0.36,0.01,-0.34,0.25,-2.13,-1.1,0.06,0.09,0.11,0.12,-0.35,0.5,-0.15,-0.47,0.0,-0.67,0.04,-0.33,-0.27,0.17,-0.26,0
-0.2,-0.64,0.14,-0.13,-0.44,-0.18,0.17,0.61,-0.7,-0.2,-0.78,-1.03,-0.2,0.01,0.48,0.76,0.08,-0.25,0.69,0.49,0.61,-0.01,0.12,0.12,-0.06,0
0.05,-1.0,0.78,-0.82,1.39,-0.82,1.79,-1.29,4.21,-0.17,1.8,0.13,1.73,-0.73,2.75,-2.16,0.2,0.75,0.68,1.9,-0.62,0.71,-0.24,-0.33,1.3,1
-0.19,-0.07,0.47,-0.54,-0.17,-0.89,-0.93,-0.67,-1.36,-0.79,1.27,1.2,0.9,0.48,-0.15,0.57,-0.51,-1.76,-1.65,-1.5,-1.1,-0.15,-1.07,-1.3,-1.45,1
1.4,1.46,0.0,-0.04,-0.83,-0.82,-1.47,-1.51,-2.37,-2.56,-0.91,-1.09,-1.73,-1.59,-2.37,-1.53,0.02,-1.03,-1.07,-1.45,-1.57,-0.15,-0.29,-0.99,-0.92,1
-0.49,-0.13,-0.27,0.29,-0.41,-0.55,-2.17,-2.3,-3.01,-2.94,-0.41,0.75,-0.82,-0.64,-2.28,-1.77,0.2,-0.03,-2.78,-3.23,-3.02,0.03,0.02,-1.55,-1.1,1
-0.27,-0.91,-0.23,0.24,0.99,1.84,3.05,4.41,7.27,9.6,0.32,-0.7,0.75,1.01,3.56,3.59,-0.03,2.59,4.5,5.35,6.46,0.17,1.14,3.18,2.64,1
0.33,0.68,-0.18,0.12,-0.47,-0.11,-1.01,-0.23,-3.26,-2.04,-0.3,0.12,-0.14,0.14,-1.63,-0.14,0.08,-0.53,-0.35,-1.45,-0.72,-0.06,-0.05,-0.25,-0.49,1
0.49,0.8,-0.07,0.06,-0.66,-0.18,-0.73,-0.15,-2.57,-1.79,-0.18,0.1,-0.26,0.0,-0.66,0.39,-0.27,-0.89,-0.58,-1.19,-0.57,-0.5,-0.47,-0.25,-0.77,0
-0.47,-0.46,-0.19,0.2,0.94,0.85,2.51,1.54,2.89,1.48,0.63,0.54,1.52,1.41,3.31,1.77,-0.06,0.39,1.38,2.37,1.54,0.21,0.43,0.93,0.94,0
0.1,-0.01,0.08,-0.08,-0.47,0.0,0.04,0.83,-0.31,0.6,-0.52,-0.6,0.03,0.35,0.38,1.06,0.17,-0.25,0.8,0.44,0.95,-0.06,0.19,0.22,-0.2,0
-0.18,-0.27,-0.07,0.08,-0.41,-0.79,-2.06,-2.68,-3.39,-3.56,-0.29,-0.15,-0.77,-0.99,-2.06,-2.06,0.22,-0.02,-3.02,-3.3,-3.45,0.13,-0.09,-1.78,-1.12,1
-0.02,-0.21,0.1,-0.04,-0.84,-1.71,-2.9,-3.92,-0.63,-4.02,0.06,-0.76,-0.89,-2.16,-3.37,-4.2,0.37,-0.51,-3.0,-3.4,-3.88,0.25,-0.29,-2.56,-1.85,1
-0.18,0.07,-0.72,0.66,-0.01,1.67,2.17,4.41,6.76,8.84,0.2,0.9,0.71,1.68,3.49,4.35,-0.5,1.34,3.56,4.09,6.07,-0.81,0.62,2.53,1.15,1
-0.56,-0.84,-0.08,0.08,1.4,1.2,3.27,2.43,3.51,2.72,0.17,-0.23,1.38,0.99,3.63,1.72,0.2,1.1,2.58,3.71,2.97,0.5,0.8,1.78,1.84,0
-0.96,-1.59,-0.19,0.19,1.07,1.97,4.19,5.22,11.31,12.44,1.61,1.76,3.13,3.59,7.51,7.14,-0.28,0.6,3.26,5.17,6.69,-0.2,0.61,2.6,1.34,1
0.59,0.54,0.13,-0.13,-1.64,-1.68,-2.81,-2.94,-5.56,-5.79,-0.17,-0.39,-0.97,-1.25,-3.07,-2.53,-0.06,-1.63,-3.28,-3.76,-4.09,-0.41,-0.92,-2.28,-2.35,0
0.98,0.57,0.12,-0.09,0.0,-0.28,0.08,-0.38,-0.73,-0.85,1.03,0.03,1.04,0.52,0.27,0.66,-0.22,-1.0,-0.51,-0.41,-0.55,-0.34,-0.5,-0.63,-0.5,0
0.64,0.26,0.24,-0.27,-0.74,-1.32,-2.25,-2.92,-3.71,-4.96,0.04,-0.47,-0.67,-1.54,-2.53,-2.81,-0.08,-0.8,-2.76,-3.22,-3.76,-0.24,-0.78,-1.94,-1.61,0
0.65,0.71,-0.11,0.09,-0.4,-0.14,-0.56,-0.51,-2.67,-2.3,-0.09,-0.25,-0.12,-0.02,-0.46,-0.1,-0.26,-0.73,-0.93,-1.28,-1.19,-0.43,-0.26,-0.31,-0.47,0
-0.4,-0.06,-0.41,0.39,-0.33,-0.23,-1.92,-1.83,-2.84,-2.99,-0.5,0.6,-0.9,-0.38,-2.31,-1.67,0.08,0.01,-1.96,-2.65,-2.5,0.04,0.08,-1.05,-0.78,1
-0.84,-0.98,0.31,-0.27,0.23,-0.63,0.72,-0.91,-0.7,-2.49,-1.03,-1.29,-0.13,-0.72,1.07,-1.12,0.27,0.4,-0.03,0.53,-1.17,0.52,0.06,-0.5,0.47,1
-0.73,-0.67,-0.12,0.1,0.99,0.89,1.93,1.58,1.0,0.82,-0.12,0.34,0.97,1.06,2.36,1.85,0.01,0.86,1.18,1.73,1.47,0.16,0.41,1.08,1.05,1
-0.67,-1.12,-0.08,0.09,1.42,1.26,3.17,2.47,3.02,2.43,-0.06,-0.31,1.13,0.89,3.3,1.61,0.29,1.29,2.66,3.6,2.98,0.62,0.91,1.89,1.95,0
1.26,1.08,0.15,-0.14,-0.95,-1.26,-1.67,-1.69,-1.98,-1.07,0.66,-0.02,0.43,0.01,-0.91,0.22,-0.44,-2.22,-3.15,-2.88,-2.18,-0.71,-1.09,-2.3,-2.33,0
0.75,1.67,-0.05,0.04,-1.59,-1.8,-2.3,-2.65,-0.31,-1.28,0.34,-0.08,-0.65,-2.0,-2.6,-3.11,-0.45,-2.2,-2.0,-2.43,-2.12,-1.09,-1.45,-2.22,-2.19,1
-0.72,-0.16,-0.25,0.26,-0.01,1.29,1.01,2.96,4.82,6.43,-0.76,-0.04,-0.78,0.95,1.38,2.42,0.36,1.15,2.33,2.86,4.22,0.35,0.78,1.78,0.8,0
1.8,2.32,0.02,-0.01,-1.36,-2.52,-3.11,-4.81,-4.75,-7.76,-0.28,-0.43,-1.69,-3.39,-4.7,-6.08,-0.34,-1.98,-2.67,-3.58,-5.18,-0.74,-1.66,-2.93,-1.71,1
-0.01,-0.27,0.06,-0.1,0.46,0.17,0.66,0.22,1.04,1.41,0.84,0.5,0.88,0.58,1.49,1.08,0.07,0.22,-0.3,0.22,0.26,0.27,0.12,-0.04,0.16,0
-0.82,-1.27,-0.09,0.11,1.41,1.29,3.01,2.48,2.51,2.14,-0.3,-0.28,0.87,0.79,2.94,1.48,0.36,1.42,2.66,3.42,2.94,0.71,0.98,1.97,2.0,0
-1.03,-0.81,-0.26,0.26,0.21,1.45,1.12,3.26,4.99,7.17,-0.75,-0.17,-1.08,0.77,1.03,2.45,0.33,1.68,2.92,3.3,4.68,0.43,0.92,2.23,1.36,0
-0.85,-1.22,0.33,-0.34,1.74,1.48,2.94,3.54,6.11,8.68,0.72,0.34,0.5,0.41,2.35,2.34,0.34,2.92,4.34,5.25,5.63,0.94,1.07,2.93,3.2,1
0.24,0.41,-0.04,0.04,-0.58,-0.63,-2.2,-1.97,-3.59,-2.9,-0.16,0.08,-0.76,-0.56,-2.68,-1.55,-0.07,-0.44,-2.17,-3.1,-2.6,-0.1,-0.12,-1.34,-1.24,0
0.66,0.68,-0.15,0.15,-0.95,-0.66,-1.37,-1.2,-3.15,-2.7,-0.44,0.13,-0.57,-0.43,-1.22,-0.6,0.04,-1.04,-1.63,-2.19,-1.88,-0.19,-0.12,-1.07,-1.36,1
-1.81,-1.96,-0.29,0.27,0.97,1.58,1.18,1.49,3.01,2.86,-1.35,-0.05,-2.33,-0.9,-1.44,-1.97,0.49,2.95,3.48,3.57,2.84,0.85,1.42,2.73,3.01,0
-1.11,-0.84,0.05,-0.02,1.15,1.0,2.13,1.81,1.12,1.09,-0.82,-0.28,0.16,0.22,1.77,0.49,0.52,1.28,1.83,2.31,2.06,0.88,0.84,1.62,1.62,0
0.81,1.0,0.0,0.0,-0.59,-0.38,-0.9,-0.46,-2.02,-1.32,0.27,0.03,-0.24,0.07,-0.71,0.0,-0.35,-1.02,-0.67,-1.18,-0.81,-0.55,-0.69,-0.61,-0.73,0
0.33,-0.04,0.06,-0.1,0.35,0.47,0.98,0.8,0.02,0.34,-0.09,-0.22,0.95,1.29,1.42,1.56,0.09,-0.24,0.59,0.89,0.57,-0.19,-0.15,0.48,0.34,1
0.23,-0.27,0.13,-0.17,0.42,0.34,1.03,0.59,-0.14,0.03,-0.04,-0.21,0.98,1.19,1.52,1.36,0.08,-0.17,0.44,0.82,0.33,-0.13,-0.18,0.35,0.35,1
0.12,0.23,0.06,-0.07,-0.43,0.02,0.03,0.9,-0.19,0.86,-0.41,-0.28,0.12,0.46,0.35,1.17,0.16,-0.23,0.85,0.44,1.04,-0.09,0.17,0.26,-0.2,0
-0.45,-0.92,0.49,-0.43,0.28,-1.02,2.46,0.54,7.01,5.19,1.53,0.17,1.77,0.36,5.11,2.21,-0.41,-1.76,0.36,2.72,1.23,-0.25,-1.19,-1.01,-0.29,0
-0.76,-0.32,0.1,-0.09,-0.4,0.22,-0.97,0.44,-2.19,-0.65,0.32,0.06,0.1,1.04,-1.16,1.2,-0.24,-0.66,-0.21,-1.01,-0.08,-0.2,-0.22,0.07,-0.62,1
1.16,1.17,0.27,-0.22,-0.92,-2.11,-2.3,-3.57,-1.0,-3.63,0.12,-0.91,-0.8,-2.6,-3.17,-4.55,-0.46,-1.7,-1.83,-2.4,-3.14,-0.73,-1.57,-2.37,-1.55,1
-0.14,-0.19,-0.11,0.03,-0.41,0.19,-0.31,0.12,-0.77,-0.35,-0.54,-0.52,0.33,0.81,-0.06,0.95,-0.06,-0.69,-0.45,-0.38,-0.33,-0.52,-0.34,-0.24,-0.61,1
-0.46,-0.13,-0.25,0.24,0.05,0.16,1.11,0.98,0.43,0.64,-0.33,0.32,0.59,0.86,1.57,1.57,-0.14,-0.11,0.87,1.1,0.89,-0.2,0.18,0.37,0.37,0
-1.14,-1.44,0.34,-0.38,1.59,1.31,2.08,3.12,4.87,8.02,0.6,0.64,-0.17,0.04,0.76,1.83,0.45,2.81,3.87,4.39,5.19,1.2,1.11,2.71,2.87,1
-0.17,-0.24,-0.09,0.02,-0.61,-0.01,-0.74,-0.27,-1.23,-0.83,-0.53,-0.53,0.13,0.68,-0.53,0.62,-0.09,-0.81,-0.93,-0.9,-0.82,-0.54,-0.42,-0.58,-0.92,1
-0.55,-1.29,0.3,-0.23,0.71,0.33,3.78,3.32,10.32,9.82,2.01,0.76,3.27,2.42,7.16,5.82,-0.49,-1.04,2.01,4.36,4.47,-0.35,-0.64,0.79,0.51,1
0.12,0.23,0.06,-0.07,-0.43,0.02,0.03,0.9,-0.19,0.86,-0.41,-0.28,0.12,0.46,0.35,1.17,0.16,-0.23,0.85,0.44,1.04,-0.09,0.17,0.26,-0.2,0
1.5,2.68,-0.09,0.19,-0.68,-0.44,-1.25,-0.54,-1.17,-0.05,-0.37,-0.04,-1.35,-1.11,-2.14,-1.02,-0.35,-0.8,-0.01,-0.5,0.04,-0.74,-0.64,-0.43,-0.76,1
-0.61,-0.82,-0.13,0.12,0.13,0.1,-0.01,-0.05,1.54,2.91,0.71,0.55,1.0,1.02,1.74,1.87,-0.17,-0.61,-1.76,-0.99,-0.14,-0.15,-0.09,-0.77,-0.89,0
0.89,0.92,0.11,-0.08,-0.7,-0.84,-1.48,-1.23,2.53,0.47,0.6,0.28,-0.05,-0.42,-1.32,-1.46,0.0,-0.48,-0.57,-1.04,-0.68,-0.25,-0.66,-0.91,-0.89,0
-0.18,-0.66,0.28,-0.28,0.49,0.39,1.32,0.73,1.48,1.12,-0.18,0.09,0.92,0.96,2.41,1.52,0.2,0.17,0.45,1.24,0.6,0.34,-0.09,0.24,0.48,1
-1.56,-1.7,-0.13,0.1,0.54,0.59,0.12,-0.26,1.09,-0.47,-1.31,-0.15,-2.8,-1.83,-2.85,-4.27,0.45,2.12,2.29,2.32,0.85,0.72,0.96,1.52,2.14,0
0.37,-0.53,0.75,-0.71,0.59,-1.4,1.26,-1.72,4.01,-0.1,1.56,-0.05,1.19,-1.27,2.73,-1.8,0.03,-0.94,-0.42,1.24,-1.43,0.34,-0.87,-1.43,-0.05,0
-0.87,0.04,-0.43,0.5,-0.68,-0.02,-1.47,-0.88,-2.11,-2.02,-1.33,0.13,-1.18,-0.21,-1.44,-0.69,0.08,-0.44,-1.54,-1.93,-1.68,-0.17,0.34,-0.62,-0.89,1
0.07,0.01,-0.02,-0.01,-0.8,-0.4,-1.25,-0.83,-1.61,-1.3,-0.36,-0.25,-0.11,0.52,-1.02,0.24,-0.12,-1.07,-1.63,-1.55,-1.45,-0.5,-0.53,-1.13,-1.33,1
-0.28,-0.01,-0.09,0.08,-0.5,-0.33,-1.73,-1.43,-2.44,-2.09,-0.07,-0.25,-0.36,-0.48,-2.01,-1.22,-0.17,-0.24,-1.6,-2.43,-1.89,-0.17,0.02,-0.87,-1.01,0
1.32,1.94,-0.14,0.13,-0.52,-0.45,-0.53,-0.8,-1.32,-0.62,-0.51,-0.17,-1.02,-0.58,-1.13,-0.3,-0.23,-1.15,-1.03,-0.83,-0.73,-0.5,-0.51,-0.96,-0.77,1
-0.23,0.04,-0.12,0.09,0.07,0.08,1.04,0.85,0.28,0.45,-0.52,-0.23,0.39,0.4,1.35,1.27,0.06,0.04,0.97,1.17,0.83,-0.02,0.38,0.39,0.43,0
-0.45,0.37,-0.71,0.63,-0.16,1.46,1.75,3.8,5.44,7.15,0.07,1.59,0.54,1.55,3.06,3.58,-0.47,0.88,2.78,3.21,5.07,-0.86,0.46,2.11,0.66,1
-0.22,-0.03,0.07,-0.1,-0.57,-0.55,-1.61,-1.39,-2.32,-2.12,0.0,-0.29,-0.21,-0.52,-1.74,-1.09,-0.28,-0.46,-1.62,-2.28,-1.86,-0.32,-0.2,-1.0,-1.13,0
0.37,0.55,-0.01,0.03,-0.52,-0.5,-1.22,-0.91,-1.91,-1.46,0.0,0.17,-0.15,-0.3,-1.17,-0.62,0.05,-0.53,-1.34,-1.77,-1.35,-0.15,-0.05,-0.86,-1.03,0
-0.4,-0.06,-0.41,0.39,-0.33,-0.23,-1.92,-1.83,-2.84,-2.99,-0.5,0.6,-0.9,-0.38,-2.31,-1.67,0.08,0.01,-1.96,-2.65,-2.5,0.04,0.08,-1.05,-0.78,1
-0.41,-0.02,-0.08,0.09,0.54,0.66,0.0,-0.02,-2.36,-2.79,-0.75,-0.19,-0.94,-0.74,-1.72,-1.43,0.39,1.6,1.13,0.53,-0.15,0.58,0.7,1.05,1.36,0
-0.19,-0.56,0.03,-0.03,-0.05,-0.34,-0.9,-1.37,-1.79,-2.06,0.01,-0.9,-0.19,-0.92,-1.22,-1.53,0.06,0.33,-1.17,-1.68,-1.67,0.09,-0.23,-0.59,-0.26,1
-0.46,-0.13,-0.25,0.24,0.05,0.16,1.11,0.98,0.43,0.64,-0.33,0.32,0.59,0.86,1.57,1.57,-0.14,-0.11,0.87,1.1,0.89,-0.2,0.18,0.37,0.37,0
-0.51,-0.09,-0.25,0.25,0.09,0.24,1.18,1.1,0.64,0.89,-0.25,0.52,0.66,1.03,1.68,1.72,-0.18,-0.11,0.97,1.19,1.05,-0.2,0.13,0.46,0.41,0
-1.04,-2.62,0.28,-0.32,1.98,1.52,2.52,2.58,1.71,2.24,1.43,0.17,2.16,1.39,2.76,2.39,0.31,2.14,2.3,2.1,2.49,0.98,1.18,2.32,2.4,1
-0.04,0.09,-0.05,0.06,-0.93,-1.64,-3.42,-4.27,-6.46,-7.24,-0.41,-1.07,-1.34,-2.24,-4.44,-4.4,0.34,-0.67,-3.87,-4.82,-5.31,0.36,-0.09,-2.75,-1.95,1
0.51,0.35,0.08,-0.06,-0.52,-0.33,-0.66,0.17,-0.73,0.29,0.09,-0.13,0.4,0.5,-0.32,0.94,-0.09,-0.91,-0.41,-0.76,0.03,-0.35,-0.41,-0.53,-0.94,0
-0.35,0.14,-0.05,0.05,0.52,0.69,0.0,0.08,-1.8,-1.96,-0.62,-0.24,-0.79,-0.61,-1.46,-1.1,0.3,1.41,1.07,0.55,0.07,0.47,0.65,0.95,1.19,0
0.5,0.45,0.18,-0.2,-0.58,-1.11,-2.05,-3.02,-0.27,-3.65,0.23,-0.56,-0.29,-1.17,-2.18,-2.94,-0.15,-0.68,-2.45,-2.7,-3.46,-0.2,-0.55,-1.86,-1.46,0
-0.14,-0.19,-0.11,0.03,-0.41,0.19,-0.31,0.12,-0.77,-0.35,-0.54,-0.52,0.33,0.81,-0.06,0.95,-0.06,-0.69,-0.45,-0.38,-0.33,-0.52,-0.34,-0.24,-0.61,1
0.03,-0.54,0.2,-0.24,0.44,0.15,1.02,0.31,-0.28,-0.3,-0.08,-0.23,0.99,0.98,1.57,1.11,0.04,-0.14,0.18,0.67,0.0,-0.1,-0.25,0.14,0.29,1
0.27,0.33,-0.02,0.04,-0.69,-0.59,-1.14,-0.92,-1.66,-1.28,0.15,-0.24,0.2,-0.08,-0.78,-0.25,-0.08,-0.79,-1.54,-1.8,-1.42,-0.43,-0.2,-1.05,-1.28,0
-0.97,-0.24,-0.37,0.39,-0.45,0.13,-1.47,-1.1,-2.72,-2.68,-1.48,-0.13,-1.51,-0.43,-1.88,-1.17,0.15,0.07,-1.27,-1.81,-1.82,0.15,0.49,-0.42,-0.43,1
-0.3,-0.28,0.06,-0.07,-0.1,-0.08,0.71,0.75,-0.13,0.17,-0.73,-0.59,0.01,0.07,0.95,0.96,0.08,-0.01,0.99,1.02,0.8,0.06,0.25,0.34,0.34,0
0.23,0.63,-0.23,0.19,-0.62,-0.17,-1.15,-0.44,-3.43,-2.39,-0.42,0.23,-0.32,-0.01,-1.66,-0.38,0.11,-0.57,-0.58,-1.65,-0.98,-0.08,0.01,-0.38,-0.67,1
0.81,0.53,0.27,-0.3,-0.8,-1.43,-2.39,-3.31,-2.5,-5.07,0.2,-0.6,-0.58,-1.45,-2.62,-3.16,-0.16,-0.95,-2.92,-3.28,-4.09,-0.3,-0.8,-2.15,-1.76,0
0.25,0.37,0.18,-0.21,-0.54,-0.77,-1.54,-1.32,-2.74,-2.3,0.02,0.22,-0.24,-0.48,-1.62,-0.91,-0.19,-0.64,-1.69,-2.24,-1.9,-0.3,-0.36,-1.12,-1.17,0
-1.04,-2.62,0.28,-0.32,1.98,1.52,2.52,2.58,1.71,2.24,1.43,0.17,2.16,1.39,2.76,2.39,0.31,2.14,2.3,2.1,2.49,0.98,1.18,2.32,2.4,1
0.36,0.43,-0.18,0.22,-0.43,0.01,-0.88,-0.26,-0.18,0.36,-0.3,0.21,-0.32,0.27,-0.49,0.59,-0.28,-0.73,-1.38,-1.23,-0.51,-0.55,-0.39,-0.65,-1.02,0
0.76,0.54,-0.19,0.19,-0.44,-0.07,-0.51,-0.25,-2.65,-1.79,-0.06,-0.26,-0.13,0.06,-0.51,0.1,-0.21,-0.67,-0.62,-1.16,-0.82,-0.44,-0.21,-0.16,-0.37,0
0.52,0.6,0.09,-0.08,-0.7,-0.92,-2.23,-2.17,-3.37,-2.79,-0.15,-0.02,-0.8,-0.69,-2.6,-1.61,-0.1,-0.75,-2.37,-3.11,-2.72,-0.2,-0.36,-1.71,-1.46,0
-0.5,-0.98,0.31,-0.3,0.39,0.12,1.09,0.18,0.96,0.33,-0.46,-0.11,0.67,0.5,2.09,0.88,0.23,0.18,0.14,0.93,0.06,0.38,-0.1,-0.09,0.36,1
-0.04,-0.12,0.09,-0.1,-0.36,-0.78,-1.81,-2.61,-0.27,-3.17,0.02,-0.36,-0.22,-1.05,-2.02,-2.62,-0.03,-0.24,-2.13,-2.44,-3.03,0.03,-0.27,-1.42,-1.08,0
0.1,-0.03,0.11,-0.13,0.3,0.06,0.45,0.02,0.72,1.29,0.71,0.47,0.63,0.45,1.26,0.92,0.05,0.09,-0.64,-0.03,0.02,0.22,0.03,-0.21,-0.07,0
0.45,0.32,0.11,-0.09,-0.48,-0.42,-0.65,-0.91,-0.23,-0.55,-0.21,0.41,0.01,0.17,0.01,0.02,-0.06,-1.08,-1.56,-1.17,-1.46,-0.36,-0.48,-1.12,-1.06,1
-2.03,-2.13,-0.27,0.27,1.48,2.53,1.83,3.22,3.62,5.54,-1.27,-0.44,-2.02,-0.14,-0.77,0.3,0.73,4.23,4.73,4.38,4.57,1.31,2.13,4.08,4.02,0
-0.28,0.29,-0.16,0.19,0.35,0.65,1.54,1.48,1.37,1.4,-0.01,0.61,0.95,1.3,2.11,2.01,-0.12,0.1,1.43,1.62,1.55,-0.02,0.24,0.87,0.64,0
-0.39,-0.67,0.02,-0.02,0.05,-0.09,-0.73,-0.9,-1.62,-1.67,0.01,-0.76,-0.1,-0.8,-1.23,-1.38,0.05,0.51,-0.66,-1.35,-1.15,0.07,-0.15,-0.14,-0.01,1
-0.47,-0.46,-0.19,0.2,0.94,0.85,2.51,1.54,2.89,1.48,0.63,0.54,1.52,1.41,3.31,1.77,-0.06,0.39,1.38,2.37,1.54,0.21,0.43,0.93,0.94,0
-0.09,-1.11,0.66,-0.64,1.46,-0.86,0.06,-2.67,-0.5,-5.28,0.09,-0.95,-1.15,-3.51,-2.24,-7.29,0.89,2.46,1.24,1.17,-2.05,1.66,0.75,0.33,2.16,0
-0.03,-0.24,-0.11,0.14,-0.39,0.13,-0.73,-0.05,-1.69,-0.73,0.7,0.8,0.6,1.28,-0.51,0.39,-0.17,-0.83,-0.64,-0.91,-0.45,-0.24,0.02,-0.25,-0.85,1
0.59,1.04,0.05,-0.1,-0.51,-0.1,-0.54,0.3,-1.63,-0.3,-0.03,0.17,-0.27,0.32,-0.46,0.52,-0.37,-0.74,0.04,-0.64,0.17,-0.51,-0.49,-0.03,-0.39,0
-1.13,-1.58,-0.17,0.05,1.49,1.47,2.2,2.36,0.8,1.68,0.68,0.7,1.67,1.87,2.3,2.48,0.04,1.6,2.25,1.96,2.26,0.56,1.07,2.1,2.01,1
-1.03,-0.01,-0.43,0.51,-0.61,0.06,-1.46,-0.86,-2.22,-2.07,-1.49,0.16,-1.36,-0.29,-1.59,-0.76,0.12,-0.26,-1.39,-1.83,-1.6,-0.06,0.44,-0.5,-0.71,1
-0.2,-0.27,0.03,0.01,-0.79,-1.6,-3.23,-4.12,-4.36,-6.06,-0.33,-1.11,-1.2,-2.17,-4.13,-4.33,0.39,-0.46,-3.52,-4.32,-4.78,0.45,-0.06,-2.62,-1.82,1
-0.18,-0.27,-0.07,0.08,-0.41,-0.79,-2.06,-2.68,-3.39,-3.56,-0.29,-0.15,-0.77,-0.99,-2.06,-2.06,0.22,-0.02,-3.02,-3.3,-3.45,0.13,-0.09,-1.78,-1.12,1
-0.5,-0.5,-0.08,0.1,-0.4,-0.5,-1.09,-1.39,-1.13,-0.16,0.59,0.33,0.33,0.32,0.21,0.38,-0.25,-1.05,-2.82,-2.37,-1.89,-0.29,-0.37,-1.54,-1.55,0
-0.3,-0.06,-0.02,0.0,-0.53,-0.41,-1.64,-1.38,-2.27,-2.02,-0.04,-0.32,-0.26,-0.5,-1.83,-1.14,-0.23,-0.33,-1.57,-2.31,-1.82,-0.25,-0.07,-0.9,-1.05,0
1.84,2.72,-0.08,0.08,-1.58,-2.41,-3.11,-4.52,-4.43,-7.22,-0.34,-0.14,-1.92,-3.32,-4.82,-5.89,-0.31,-2.04,-2.45,-3.38,-4.81,-0.84,-1.66,-2.74,-1.71,1
0.68,0.58,-0.16,0.16,-0.43,-0.11,-0.53,-0.38,-2.67,-2.09,-0.08,-0.29,-0.14,0.01,-0.48,-0.01,-0.24,-0.71,-0.77,-1.21,-1.02,-0.44,-0.24,-0.23,-0.42,0
0.44,1.18,-0.22,0.2,-1.14,-0.7,-1.32,-1.45,-2.58,-2.82,-0.15,0.42,-0.3,-0.09,-0.67,-0.13,-0.45,-1.9,-2.31,-2.3,-2.21,-0.82,-0.82,-1.56,-1.94,0
-0.86,-0.4,-0.25,0.26,0.06,1.36,1.04,3.13,4.97,6.88,-0.76,-0.11,-0.94,0.91,1.21,2.49,0.35,1.37,2.61,3.07,4.48,0.38,0.83,1.98,1.03,0
0.52,0.6,0.09,-0.08,-0.7,-0.92,-2.23,-2.17,-3.37,-2.79,-0.15,-0.02,-0.8,-0.69,-2.6,-1.61,-0.1,-0.75,-2.37,-3.11,-2.72,-0.2,-0.36,-1.71,-1.46,0
0.95,1.11,-0.04,0.03,-0.2,0.0,-0.11,0.23,-1.51,-0.68,0.15,0.08,0.37,0.15,0.03,0.46,-0.13,-0.37,0.03,-0.46,0.1,-0.25,-0.23,0.14,-0.11,0
0.1,0.37,0.05,-0.08,-0.41,0.0,-0.02,0.9,-0.19,0.96,-0.32,-0.01,0.17,0.53,0.28,1.21,0.12,-0.25,0.82,0.37,1.02,-0.13,0.11,0.26,-0.23,0
-0.2,-0.68,0.16,-0.14,0.24,-0.15,-0.19,-0.4,-1.23,-0.41,0.72,0.13,0.71,0.25,0.1,0.39,-0.03,-0.1,-0.61,-0.86,-0.65,-0.04,-0.26,-0.36,-0.12,0
-0.45,-0.92,0.49,-0.43,0.28,-1.02,2.46,0.54,7.01,5.19,1.53,0.17,1.77,0.36,5.11,2.21,-0.41,-1.76,0.36,2.72,1.23,-0.25,-1.19,-1.01,-0.29,0
-1.29,-1.6,-0.33,0.28,0.87,1.94,2.61,3.69,7.58,8.76,1.46,1.85,2.68,3.53,5.43,5.64,-0.23,0.79,1.72,2.78,4.34,-0.1,0.89,1.88,0.75,1
0.6,0.67,0.06,-0.05,-0.2,-0.51,-0.43,-0.3,-1.87,-0.61,0.09,-0.51,0.18,-0.09,-0.31,0.5,-0.24,-0.6,-0.66,-1.14,-0.61,-0.2,-0.59,-0.43,-0.32,0
-1.09,-1.14,-0.05,0.09,1.31,1.23,2.6,2.28,1.67,1.6,-0.69,-0.12,0.42,0.57,2.25,1.09,0.47,1.47,2.42,2.92,2.65,0.83,0.96,1.92,1.93,0
-0.21,0.14,-0.15,0.13,0.54,0.41,0.7,0.66,2.87,1.15,-0.28,0.28,-0.43,-0.32,-0.63,-1.17,0.17,1.35,2.22,1.98,1.51,0.27,0.14,1.35,1.61,0
0.55,0.61,0.15,-0.16,0.18,0.2,0.31,0.25,-0.72,-1.05,0.21,-0.21,0.27,0.25,-0.02,0.35,-0.13,-0.33,0.33,0.34,0.09,-0.16,-0.11,0.25,0.15,0
0.29,0.75,-0.06,0.04,-0.83,-1.21,-1.73,-2.37,-0.51,-2.91,-0.04,-0.15,-1.05,-1.52,-2.88,-3.32,0.01,-0.26,-0.8,-1.26,-2.21,-0.18,-0.52,-1.09,-0.52,0
-0.42,-1.23,0.04,-0.04,0.91,0.82,1.77,1.6,0.85,1.22,-0.49,-1.16,0.46,-0.16,2.2,0.53,0.22,1.0,1.25,1.66,1.7,0.25,0.97,1.29,1.13,1
0.72,0.97,-0.03,-0.04,-0.45,0.03,-0.47,0.33,-1.93,-0.42,-0.14,0.21,-0.15,0.35,-0.45,0.54,-0.26,-0.61,-0.01,-0.78,0.1,-0.44,-0.28,0.06,-0.3,0
0.89,0.94,-0.04,0.04,-0.36,0.01,-0.34,0.25,-2.13,-1.1,0.06,0.09,0.11,0.12,-0.35,0.5,-0.15,-0.47,0.0,-0.67,0.04,-0.33,-0.27,0.17,-0.26,0
-0.4,0.17,-0.2,0.22,0.25,0.51,1.41,1.38,1.18,1.35,-0.09,0.67,0.85,1.26,1.97,1.96,-0.15,0.01,1.29,1.48,1.43,-0.1,0.17,0.73,0.56,0
-1.0,-1.27,0.39,-0.43,1.77,1.35,2.65,3.3,5.57,8.34,0.78,0.72,0.32,0.27,1.76,2.12,0.39,2.85,4.13,4.93,5.36,1.07,1.01,2.76,3.1,1
0.13,0.73,-0.12,0.1,-0.41,-0.7,-0.85,-1.31,1.13,-1.09,-0.08,-0.01,-0.8,-1.09,-1.99,-2.55,0.02,0.15,0.28,-0.04,-0.81,-0.1,-0.35,-0.31,0.14,0
0.89,0.94,-0.04,0.04,-0.36,0.01,-0.34,0.25,-2.13,-1.1,0.06,0.09,0.11,0.12,-0.35,0.5,-0.15,-0.47,0.0,-0.67,0.04,-0.33,-0.27,0.17,-0.26,0
0.83,0.6,-0.19,0.18,-0.44,-0.03,-0.5,-0.1,-2.57,-1.44,-0.06,-0.15,-0.11,0.14,-0.53,0.22,-0.19,-0.63,-0.46,-1.11,-0.6,-0.42,-0.19,-0.09,-0.32,0
0.23,-0.04,0.23,-0.24,0.61,0.49,1.63,1.27,1.96,1.81,0.08,-0.07,1.29,1.27,2.78,2.24,0.09,0.06,0.73,1.56,1.04,0.21,-0.15,0.48,0.58,1
0.94,0.42,0.17,-0.15,0.15,-0.06,0.32,-0.07,-0.82,-1.09,0.69,-0.26,0.73,0.39,0.23,0.51,-0.2,-0.64,0.04,0.12,-0.23,-0.25,-0.34,-0.15,-0.08,0
0.23,0.96,0.02,-0.04,0.12,0.49,0.29,0.5,-0.43,-0.63,0.0,0.27,0.06,0.34,-0.05,0.39,-0.07,-0.2,0.35,0.35,0.33,-0.17,0.09,0.47,0.18,0
-0.83,-1.48,0.35,-0.4,0.35,0.2,0.02,0.7,-0.37,0.64,1.08,0.66,0.91,1.03,0.37,1.34,-0.32,-0.3,-0.08,-0.27,0.46,0.07,-0.15,0.21,-0.1,1
-0.84,-0.98,0.31,-0.27,0.23,-0.63,0.72,-0.91,-0.7,-2.49,-1.03,-1.29,-0.13,-0.72,1.07,-1.12,0.27,0.4,-0.03,0.53,-1.17,0.52,0.06,-0.5,0.47,1
1.17,1.11,-0.09,0.11,-1.14,-0.79,-2.1,-2.04,-3.69,-3.58,-0.71,-0.61,-0.95,-0.66,-1.72,-0.93,-0.06,-1.43,-3.03,-3.45,-3.09,-0.23,-0.42,-1.71,-2.07,1
-0.15,0.22,-0.12,0.14,0.61,0.84,2.0,1.55,1.5,0.84,0.13,0.42,1.23,1.21,2.55,1.82,-0.1,0.28,1.65,1.99,1.54,0.09,0.36,1.08,0.87,0
0.94,0.42,0.17,-0.15,0.15,-0.06,0.32,-0.07,-0.82,-1.09,0.69,-0.26,0.73,0.39,0.23,0.51,-0.2,-0.64,0.04,0.12,-0.23,-0.25,-0.34,-0.15,-0.08,0
1.28,2.56,-0.03,0.12,-0.88,-0.4,-0.84,-0.21,0.69,0.8,-0.53,-0.28,-1.04,-0.92,-1.09,-0.49,-0.21,-1.11,-0.17,-0.16,0.45,-0.68,-0.66,-0.71,-1.1,1
1.67,2.96,-0.16,0.18,-1.65,-1.79,-2.45,-2.92,-1.67,-3.75,-0.38,0.13,-2.1,-2.7,-4.21,-4.57,-0.25,-1.69,-1.08,-1.86,-2.55,-0.92,-1.46,-1.72,-1.27,1
0.31,1.01,-0.17,0.15,-1.0,-0.51,-1.13,-0.99,-2.62,-2.56,-0.24,0.3,-0.38,-0.08,-0.7,0.06,-0.4,-1.56,-1.68,-1.91,-1.65,-0.72,-0.71,-1.08,-1.54,0
0.81,0.74,0.02,-0.06,-0.27,-0.27,-0.8,0.02,-2.8,-1.04,0.13,-0.18,0.24,0.39,-1.39,0.5,-0.06,-0.72,-0.31,-1.32,-0.4,-0.1,-0.31,-0.26,-0.4,1
0.98,0.6,0.22,-0.21,-0.26,-0.63,-0.76,-0.01,-2.59,-0.41,0.52,-0.49,0.47,0.41,-1.03,0.91,-0.17,-1.04,-0.68,-1.54,-0.46,-0.17,-0.59,-0.5,-0.6,1
-0.83,-0.96,-0.02,0.01,0.08,-0.28,-0.16,-0.59,-0.69,-0.26,0.65,0.29,0.75,0.37,0.62,0.56,-0.19,-0.37,-1.08,-0.93,-0.82,-0.12,-0.23,-0.7,-0.46,0
-2.03,-2.13,-0.27,0.27,1.48,2.53,1.83,3.22,3.62,5.54,-1.27,-0.44,-2.02,-0.14,-0.77,0.3,0.73,4.23,4.73,4.38,4.57,1.31,2.13,4.08,4.02,0
-0.39,-0.34,-0.02,0.05,-0.38,-0.52,-0.97,-1.34,-1.26,-0.4,0.55,0.31,0.23,0.19,0.14,0.23,-0.22,-0.92,-2.57,-2.12,-1.8,-0.24,-0.37,-1.42,-1.39,0
0.0,-0.06,-0.1,0.04,-0.19,0.36,0.15,0.48,-0.33,0.11,-0.47,-0.44,0.55,0.97,0.45,1.29,-0.01,-0.57,0.02,0.14,0.14,-0.47,-0.27,0.08,-0.28,1
-1.03,-0.82,0.09,-0.07,1.06,0.85,1.9,1.56,0.98,0.88,-0.8,-0.49,0.09,0.01,1.63,0.19,0.52,1.18,1.48,2.02,1.73,0.89,0.79,1.45,1.44,0
-0.15,-0.22,0.21,-0.24,0.52,-0.14,1.44,0.47,1.1,0.65,-0.24,-0.57,1.3,0.47,2.47,1.65,-0.09,-0.22,0.04,1.0,0.09,-0.07,-0.42,-0.18,0.26,1
-1.06,-1.47,0.14,-0.15,1.31,1.51,1.87,3.15,4.98,7.94,0.19,0.01,-0.6,-0.05,0.34,1.39,0.49,2.93,3.9,4.31,5.3,1.18,1.39,2.96,2.82,1
0.11,-0.24,-0.08,0.08,-0.35,-0.06,-0.72,-0.23,-1.64,-0.75,0.92,0.83,0.8,1.18,-0.25,0.24,-0.17,-0.98,-0.93,-1.12,-0.65,-0.19,-0.09,-0.48,-1.0,1
0.17,0.05,-0.07,0.02,0.04,0.48,0.55,0.75,-0.02,0.42,-0.34,-0.35,0.73,1.14,0.9,1.54,0.04,-0.45,0.38,0.57,0.48,-0.38,-0.21,0.33,0.02,1
0.6,-0.06,0.21,-0.21,-0.72,-1.28,-2.44,-2.81,-1.17,-3.68,0.25,0.09,-0.84,-1.45,-3.21,-3.32,0.17,0.07,-1.5,-2.43,-2.92,0.06,-0.53,-1.33,-0.78,0
-0.2,0.48,0.04,-0.02,-0.15,-0.27,0.19,-0.21,-1.62,-1.85,0.04,0.29,0.55,0.59,0.47,0.49,-0.03,-0.49,-0.46,-0.52,-0.82,-0.04,-0.22,-0.3,-0.1,1
1.3,1.17,0.14,-0.08,-1.05,-0.6,-1.52,-0.51,-1.59,0.05,-0.63,-0.38,-0.81,0.21,-1.43,0.86,-0.08,-1.4,-1.56,-2.13,-0.97,-0.26,-0.64,-1.1,-1.4,1
0.08,-0.31,0.26,-0.26,0.57,0.53,1.51,1.13,1.84,1.64,0.01,0.09,1.14,1.24,2.65,2.0,0.15,0.14,0.67,1.47,0.95,0.29,-0.11,0.45,0.56,1
-0.15,-0.22,0.21,-0.24,0.52,-0.14,1.44,0.47,1.1,0.65,-0.24,-0.57,1.3,0.47,2.47,1.65,-0.09,-0.22,0.04,1.0,0.09,-0.07,-0.42,-0.18,0.26,1
1.4,2.59,0.02,0.09,-0.6,-0.49,-1.05,-0.35,-0.39,0.58,-0.36,-0.08,-1.25,-1.15,-1.73,-0.9,-0.31,-0.8,0.19,-0.16,0.43,-0.68,-0.69,-0.44,-0.74,1
-1.06,-1.27,-0.17,0.09,0.79,1.23,1.06,1.83,-0.08,1.46,0.83,1.37,1.36,2.08,1.55,2.9,-0.15,0.93,0.89,0.48,1.3,0.31,0.79,1.35,0.84,1
-0.27,-0.48,-0.16,0.14,1.16,0.92,2.28,1.73,2.02,1.3,0.22,0.54,1.15,1.37,2.84,1.86,0.01,0.99,1.53,2.21,1.75,0.23,0.29,1.16,1.28,1
0.7,1.0,0.03,-0.04,-0.56,-0.3,-0.75,-0.14,-1.8,-0.87,0.21,0.05,-0.28,0.16,-0.61,0.22,-0.39,-0.93,-0.33,-0.89,-0.38,-0.55,-0.66,-0.38,-0.58,0
0.1,0.37,0.05,-0.08,-0.41,0.0,-0.02,0.9,-0.19,0.96,-0.32,-0.01,0.17,0.53,0.28,1.21,0.12,-0.25,0.82,0.37,1.02,-0.13,0.11,0.26,-0.23,0
0.24,0.41,-0.04,0.04,-0.58,-0.63,-2.2,-1.97,-3.59,-2.9,-0.16,0.08,-0.76,-0.56,-2.68,-1.55,-0.07,-0.44,-2.17,-3.1,-2.6,-0.1,-0.12,-1.34,-1.24,0
0.23,0.41,-0.26,0.29,-0.4,0.1,-0.89,-0.15,0.09,0.37,-0.42,0.18,-0.43,0.22,-0.62,0.5,-0.19,-0.49,-1.09,-1.03,-0.27,-0.42,-0.23,-0.49,-0.88,0
0.23,-0.27,0.13,-0.17,0.42,0.34,1.03,0.59,-0.14,0.03,-0.04,-0.21,0.98,1.19,1.52,1.36,0.08,-0.17,0.44,0.82,0.33,-0.13,-0.18,0.35,0.35,1
-1.03,-0.81,-0.26,0.26,0.21,1.45,1.12,3.26,4.99,7.17,-0.75,-0.17,-1.08,0.77,1.03,2.45,0.33,1.68,2.92,3.3,4.68,0.43,0.92,2.23,1.36,0
-0.28,0.29,-0.16,0.19,0.35,0.65,1.54,1.48,1.37,1.4,-0.01,0.61,0.95,1.3,2.11,2.01,-0.12,0.1,1.43,1.62,1.55,-0.02,0.24,0.87,0.64,0
-0.51,-0.51,-0.08,0.07,1.34,1.13,3.31,2.34,3.91,2.92,0.35,-0.04,1.59,1.1,3.86,1.82,0.1,0.89,2.46,3.73,2.9,0.39,0.66,1.63,1.7,0
0.52,0.33,0.03,0.01,-0.36,-0.28,-0.88,-0.49,-1.57,-0.79,0.21,-0.02,-0.03,0.03,-0.4,0.13,0.0,-0.7,-1.07,-1.42,-0.92,-0.1,-0.2,-0.66,-0.8,0
1.41,3.01,-0.57,0.62,-1.07,-0.25,-1.23,-0.96,-2.89,-2.89,-0.93,-0.12,-1.81,-1.33,-2.77,-1.99,-0.31,-0.49,-0.23,-0.76,-0.98,-0.82,-0.36,-0.31,-0.52,1
1.64,1.22,-0.01,0.06,-1.22,-0.68,-2.07,-1.09,-2.52,-1.13,-0.65,-0.44,-0.95,0.15,-1.88,0.38,-0.04,-1.5,-2.41,-3.02,-1.87,-0.26,-0.54,-1.47,-1.91,1
1.53,2.85,-0.14,0.19,-1.48,-1.39,-1.9,-1.96,-0.17,-1.87,-0.41,0.05,-2.08,-2.32,-3.66,-3.77,-0.22,-1.29,-0.22,-0.85,-1.22,-0.86,-1.27,-1.07,-0.87,1
-0.77,-0.88,-0.07,0.1,0.91,1.39,1.65,2.4,4.95,5.9,-0.12,0.47,-0.94,0.09,-0.05,-0.05,0.42,2.48,3.56,4.15,4.32,0.79,1.19,2.6,2.52,1
1.87,2.41,-0.25,0.33,-0.7,-0.21,-0.91,-0.67,-1.41,-0.33,-0.16,0.04,-0.66,0.0,-1.25,0.6,-0.42,-1.53,-1.59,-1.47,-0.89,-0.82,-0.62,-1.12,-1.32,1
0.75,1.92,-0.19,0.15,-1.79,-1.83,-2.64,-2.96,-2.24,-2.6,0.26,0.09,-0.82,-2.06,-2.97,-3.22,-0.37,-2.3,-2.6,-3.13,-2.84,-1.06,-1.31,-2.46,-2.44,1
-0.77,-0.88,-0.07,0.1,0.91,1.39,1.65,2.4,4.95,5.9,-0.12,0.47,-0.94,0.09,-0.05,-0.05,0.42,2.48,3.56,4.15,4.32,0.79,1.19,2.6,2.52,1
0.12,-0.09,0.1,-0.13,0.44,0.18,0.68,0.24,1.1,1.56,0.8,0.51,0.8,0.55,1.49,1.08,0.09,0.25,-0.31,0.27,0.31,0.29,0.12,-0.01,0.16,0
-0.4,-0.78,-0.26,0.26,0.6,1.14,1.69,2.18,2.05,2.94,-0.51,-0.94,0.35,0.05,2.38,0.94,0.15,1.11,1.64,2.07,2.69,0.11,0.96,1.69,1.03,1
0.52,0.52,0.0,0.0,-0.62,-0.63,-1.1,-0.83,-1.7,-0.99,0.29,0.01,0.45,0.14,-0.7,0.18,-0.14,-0.97,-1.59,-1.82,-1.32,-0.53,-0.43,-1.15,-1.33,0
-0.04,0.09,-0.05,0.06,-0.93,-1.64,-3.42,-4.27,-6.46,-7.24,-0.41,-1.07,-1.34,-2.24,-4.44,-4.4,0.34,-0.67,-3.87,-4.82,-5.31,0.36,-0.09,-2.75,-1.95,1
0.16,0.71,-0.23,0.2,0.04,0.26,0.7,0.26,-0.77,-1.3,-0.08,1.23,0.52,1.09,0.87,0.76,0.01,-0.01,0.29,0.43,-0.18,-0.02,0.18,0.27,0.42,1
0.8,0.9,0.01,-0.01,-0.99,-0.89,-1.45,-2.08,-3.04,-3.72,-0.61,-0.63,-0.62,-0.92,-0.82,-1.09,-0.1,-1.37,-2.7,-2.74,-3.02,-0.2,-0.39,-1.64,-1.78,1
0.11,0.04,-0.23,0.14,-0.08,0.51,0.01,1.05,-1.15,0.52,0.36,0.92,0.23,1.36,-0.01,1.55,-0.09,-0.05,0.55,-0.08,0.71,-0.12,0.21,0.69,0.16,1
-0.03,-0.24,-0.11,0.14,-0.39,0.13,-0.73,-0.05,-1.69,-0.73,0.7,0.8,0.6,1.28,-0.51,0.39,-0.17,-0.83,-0.64,-0.91,-0.45,-0.24,0.02,-0.25,-0.85,1
0.9,1.03,-0.03,0.03,-0.68,-0.49,-1.2,-1.03,-2.45,-2.09,0.15,0.13,-0.18,-0.08,-0.83,-0.36,-0.24,-1.19,-1.42,-1.82,-1.63,-0.53,-0.62,-1.07,-1.08,0
-0.03,-0.07,0.08,-0.09,0.06,-0.15,0.0,-0.43,0.01,0.69,0.62,0.41,0.44,0.32,0.86,0.65,-0.04,-0.23,-1.23,-0.67,-0.56,0.07,-0.12,-0.59,-0.49,0
0.94,0.42,0.17,-0.15,0.15,-0.06,0.32,-0.07,-0.82,-1.09,0.69,-0.26,0.73,0.39,0.23,0.51,-0.2,-0.64,0.04,0.12,-0.23,-0.25,-0.34,-0.15,-0.08,0
-0.61,-0.82,-0.13,0.12,0.13,0.1,-0.01,-0.05,1.54,2.91,0.71,0.55,1.0,1.02,1.74,1.87,-0.17,-0.61,-1.76,-0.99,-0.14,-0.15,-0.09,-0.77,-0.89,0
0.23,0.33,-0.05,0.07,-0.68,-0.52,-1.12,-0.88,-1.56,-1.25,0.08,-0.27,0.09,-0.16,-0.83,-0.39,-0.02,-0.69,-1.43,-1.73,-1.35,-0.33,-0.08,-0.96,-1.21,0
-0.65,-0.26,0.06,-0.02,-0.42,0.23,-0.95,0.3,-2.11,-0.82,0.31,0.25,0.15,1.11,-1.15,1.0,-0.24,-0.71,-0.27,-0.92,-0.2,-0.23,-0.17,0.0,-0.68,1
-0.56,-0.84,-0.08,0.08,1.4,1.2,3.27,2.43,3.51,2.72,0.17,-0.23,1.38,0.99,3.63,1.72,0.2,1.1,2.58,3.71,2.97,0.5,0.8,1.78,1.84,0
0.26,0.01,0.14,-0.15,-1.35,-1.49,-2.75,-3.01,-5.83,-6.21,-0.31,-0.36,-0.97,-1.35,-3.15,-2.69,0.0,-1.2,-3.28,-3.83,-4.28,-0.22,-0.73,-2.09,-2.06,0
0.58,-0.02,0.12,-0.06,0.09,-0.08,-0.37,-0.16,-1.08,-0.18,0.69,-0.02,0.37,0.17,-0.11,0.37,0.11,-0.17,-0.48,-0.84,-0.44,0.1,-0.12,-0.22,-0.2,0
-0.23,-0.51,-0.09,0.09,1.19,0.85,2.35,1.71,2.34,1.35,0.29,0.34,1.06,1.35,2.93,1.66,0.06,1.09,1.65,2.37,1.74,0.33,0.32,1.17,1.38,1
1.16,1.17,0.27,-0.22,-0.92,-2.11,-2.3,-3.57,-1.0,-3.63,0.12,-0.91,-0.8,-2.6,-3.17,-4.55,-0.46,-1.7,-1.83,-2.4,-3.14,-0.73,-1.57,-2.37,-1.55,1
-0.97,-1.34,0.04,-0.03,1.18,1.58,1.86,3.07,5.16,7.65,0.02,-0.07,-0.74,0.0,0.28,1.03,0.49,2.91,3.89,4.36,5.21,1.09,1.44,3.0,2.79,1
-0.51,-0.42,-0.38,0.36,0.38,1.23,1.66,2.54,2.78,3.88,-0.4,-0.23,0.34,0.4,2.48,1.46,0.02,1.05,1.86,2.29,3.21,-0.11,0.83,1.81,0.9,1
-0.69,-1.3,0.01,-0.04,0.64,0.88,1.12,0.84,0.41,-1.45,-0.63,-0.1,-0.45,0.17,1.2,0.13,0.36,1.09,1.31,1.46,0.55,0.66,0.61,1.11,1.05,1
0.23,0.63,-0.23,0.19,-0.62,-0.17,-1.15,-0.44,-3.43,-2.39,-0.42,0.23,-0.32,-0.01,-1.66,-0.38,0.11,-0.57,-0.58,-1.65,-0.98,-0.08,0.01,-0.38,-0.67,1
-0.45,-1.09,-0.01,0.03,1.34,1.76,3.17,4.16,7.04,9.41,0.44,-0.59,0.71,0.77,3.3,3.11,0.14,2.84,4.58,5.51,6.26,0.5,1.19,3.2,3.0,1
0.28,-0.86,0.76,-0.74,1.44,-1.0,0.35,-2.72,0.44,-4.65,0.55,-0.72,-0.44,-3.18,-1.07,-6.46,0.79,1.87,0.8,1.08,-2.22,1.5,0.44,-0.09,1.77,0
1.72,2.27,-0.21,0.27,-0.57,-0.27,-0.73,-0.7,-1.53,-0.38,-0.2,0.09,-0.71,-0.1,-1.15,0.44,-0.4,-1.42,-1.45,-1.29,-0.84,-0.74,-0.61,-1.07,-1.11,1
0.6,0.67,0.06,-0.05,-0.2,-0.51,-0.43,-0.3,-1.87,-0.61,0.09,-0.51,0.18,-0.09,-0.31,0.5,-0.24,-0.6,-0.66,-1.14,-0.61,-0.2,-0.59,-0.43,-0.32,0
-0.22,-0.22,-0.08,0.13,-0.42,0.22,-0.79,0.08,-1.8,-0.78,0.5,0.69,0.41,1.28,-0.78,0.58,-0.2,-0.75,-0.44,-0.82,-0.33,-0.26,0.01,-0.11,-0.76,1
0.59,0.15,0.07,-0.02,-0.13,-0.17,-0.61,-0.28,-1.28,-0.42,0.48,-0.04,0.16,0.1,-0.26,0.27,0.07,-0.42,-0.73,-1.1,-0.63,0.02,-0.15,-0.41,-0.48,0
-0.5,-0.98,0.31,-0.3,0.39,0.12,1.09,0.18,0.96,0.33,-0.46,-0.11,0.67,0.5,2.09,0.88,0.23,0.18,0.14,0.93,0.06,0.38,-0.1,-0.09,0.36,1
1.33,1.4,0.06,-0.06,-0.78,-0.81,-1.49,-1.45,-2.64,-2.54,-0.82,-0.95,-1.62,-1.54,-2.32,-1.32,-0.02,-1.06,-1.05,-1.55,-1.56,-0.18,-0.34,-0.95,-0.9,1
0.26,0.24,0.01,-0.02,-0.78,-0.53,-1.26,-0.94,-1.4,-1.17,-0.26,0.03,-0.13,0.47,-0.95,0.22,-0.11,-1.17,-1.75,-1.6,-1.52,-0.47,-0.57,-1.27,-1.38,1
-2.03,-2.13,-0.27,0.27,1.48,2.53,1.83,3.22,3.62,5.54,-1.27,-0.44,-2.02,-0.14,-0.77,0.3,0.73,4.23,4.73,4.38,4.57,1.31,2.13,4.08,4.02,0
-0.37,-0.32,-0.27,0.26,0.89,0.91,2.72,1.64,2.86,1.58,0.54,0.83,1.54,1.48,3.4,1.74,-0.15,0.33,1.76,2.76,1.79,0.06,0.33,1.02,1.07,0
-0.9,-1.55,0.06,-0.06,0.69,0.8,1.13,0.76,0.47,-1.34,-0.71,-0.61,-0.5,-0.03,1.28,0.2,0.41,1.15,1.17,1.41,0.45,0.77,0.68,1.01,1.04,1
0.25,0.4,-0.06,0.09,-0.63,-0.47,-1.12,-0.84,-1.52,-1.22,0.03,-0.19,-0.01,-0.21,-0.9,-0.48,0.04,-0.6,-1.33,-1.67,-1.27,-0.24,0.0,-0.87,-1.12,0
-0.2,-0.36,0.08,-0.03,-0.77,-1.63,-3.03,-3.98,-2.21,-4.84,-0.16,-0.97,-1.03,-2.14,-3.73,-4.24,0.4,-0.42,-3.2,-3.79,-4.24,0.4,-0.14,-2.55,-1.79,1
-0.96,-1.59,-0.19,0.19,1.07,1.97,4.19,5.22,11.31,12.44,1.61,1.76,3.13,3.59,7.51,7.14,-0.28,0.6,3.26,5.17,6.69,-0.2,0.61,2.6,1.34,1
0.36,0.43,-0.18,0.22,-0.43,0.01,-0.88,-0.26,-0.18,0.36,-0.3,0.21,-0.32,0.27,-0.49,0.59,-0.28,-0.73,-1.38,-1.23,-0.51,-0.55,-0.39,-0.65,-1.02,0
-0.4,-0.45,-0.22,0.22,0.92,0.88,2.56,1.55,2.88,1.51,0.62,0.58,1.51,1.45,3.32,1.75,-0.07,0.38,1.48,2.47,1.59,0.18,0.42,0.95,0.96,0
-0.97,-1.34,0.04,-0.03,1.18,1.58,1.86,3.07,5.16,7.65,0.02,-0.07,-0.74,0.0,0.28,1.03,0.49,2.91,3.89,4.36,5.21,1.09,1.44,3.0,2.79,1
0.41,0.38,0.14,-0.12,-0.64,-0.95,-1.8,-1.99,-2.35,-2.18,-0.11,-0.31,-0.54,-1.0,-1.93,-1.63,-0.06,-0.72,-2.07,-2.5,-2.29,-0.22,-0.5,-1.63,-1.36,0
-0.37,-0.64,0.1,-0.12,0.45,0.34,1.07,0.35,-0.09,-2.06,-0.58,-0.18,-0.25,0.15,1.07,-0.6,0.26,0.86,1.17,1.33,0.06,0.53,0.36,0.72,1.01,1
0.9,1.03,-0.03,0.03,-0.68,-0.49,-1.2,-1.03,-2.45,-2.09,0.15,0.13,-0.18,-0.08,-0.83,-0.36,-0.24,-1.19,-1.42,-1.82,-1.63,-0.53,-0.62,-1.07,-1.08,0
-0.16,0.11,-0.12,0.12,-0.49,-0.35,-1.87,-1.56,-2.82,-2.33,-0.11,-0.11,-0.5,-0.49,-2.26,-1.32,-0.11,-0.22,-1.73,-2.64,-2.08,-0.11,0.05,-0.94,-1.02,0
-0.19,-0.07,0.47,-0.54,-0.17,-0.89,-0.93,-0.67,-1.36,-0.79,1.27,1.2,0.9,0.48,-0.15,0.57,-0.51,-1.76,-1.65,-1.5,-1.1,-0.15,-1.07,-1.3,-1.45,1
-1.13,-1.58,-0.17,0.05,1.49,1.47,2.2,2.36,0.8,1.68,0.68,0.7,1.67,1.87,2.3,2.48,0.04,1.6,2.25,1.96,2.26,0.56,1.07,2.1,2.01,1
-0.01,0.05,0.41,-0.48,-0.2,-0.95,-0.97,-0.82,-1.52,-1.02,1.35,1.13,1.01,0.48,-0.07,0.37,-0.46,-1.82,-1.82,-1.67,-1.3,-0.13,-1.05,-1.42,-1.56,1
-0.05,0.5,-0.15,0.13,0.09,-0.11,0.02,-0.21,2.39,0.41,-0.16,0.15,-0.56,-0.65,-1.17,-1.77,0.07,0.73,1.36,1.13,0.54,0.06,-0.11,0.57,0.91,0
-0.6,-0.64,-0.18,0.19,0.25,0.93,1.18,2.15,3.42,3.93,-0.7,-0.25,-0.33,0.4,1.71,1.41,0.41,0.98,1.51,2.18,2.86,0.48,0.81,1.39,0.71,0
-1.19,-0.92,0.05,-0.08,0.82,0.74,1.67,1.46,0.32,0.48,-0.37,0.0,0.63,0.65,1.96,1.48,0.07,0.83,1.0,1.43,1.24,0.16,0.62,1.05,0.94,1
-1.51,-2.08,-0.24,0.22,0.84,1.88,1.46,3.55,4.6,7.29,-0.82,0.02,-1.49,0.3,0.38,2.12,0.38,2.88,3.9,3.9,5.0,0.73,1.43,3.13,2.67,0
-0.61,-0.78,0.1,-0.09,0.57,0.48,0.55,0.54,2.22,0.74,-0.13,0.96,-1.53,-0.66,-1.86,-2.64,0.39,1.76,2.69,2.9,1.79,0.66,0.56,1.44,1.92,1
-0.68,-0.12,-0.15,0.15,1.04,0.84,2.79,1.79,3.59,2.19,0.59,0.67,1.69,1.34,3.68,1.9,-0.11,0.41,1.63,2.8,2.0,0.16,0.35,1.08,1.12,0
0.98,1.26,0.18,-0.13,-0.71,-0.72,-1.26,-1.0,-2.45,-1.63,-0.68,-0.56,-1.21,-1.07,-1.79,-0.48,-0.11,-1.12,-0.89,-1.48,-1.15,-0.23,-0.51,-0.82,-0.81,1
-0.18,0.34,-0.13,0.15,0.45,0.75,1.68,1.54,1.46,1.28,0.05,0.5,1.05,1.29,2.25,1.99,-0.08,0.18,1.53,1.74,1.59,0.05,0.3,0.97,0.72,0
-0.45,-0.92,0.49,-0.43,0.28,-1.02,2.46,0.54,7.01,5.19,1.53,0.17,1.77,0.36,5.11,2.21,-0.41,-1.76,0.36,2.72,1.23,-0.25,-1.19,-1.01,-0.29,0
0.79,1.37,0.1,-0.08,-1.31,-1.82,-2.11,-2.65,0.58,-1.01,0.34,-0.39,-0.57,-2.06,-2.49,-3.31,-0.49,-2.01,-1.64,-2.04,-1.91,-1.0,-1.52,-2.1,-1.91,1
0.94,0.42,0.17,-0.15,0.15,-0.06,0.32,-0.07,-0.82,-1.09,0.69,-0.26,0.73,0.39,0.23,0.51,-0.2,-0.64,0.04,0.12,-0.23,-0.25,-0.34,-0.15,-0.08,0
0.68,0.4,0.14,-0.11,-0.78,-1.32,-2.52,-3.27,-2.46,-4.91,0.48,-0.38,-0.63,-2.02,-2.93,-3.79,0.24,-0.36,-2.5,-3.02,-3.67,-0.13,-0.4,-1.85,-1.46,1
-0.63,-0.92,-0.12,0.13,0.43,0.79,1.26,1.82,2.72,2.92,-0.66,-0.48,-0.21,0.1,1.71,0.9,0.42,1.0,1.25,1.95,2.3,0.58,0.82,1.29,0.79,0
0.55,0.84,-0.03,0.01,-0.77,-0.5,-1.38,-1.15,-2.43,-2.03,-0.25,0.17,-0.25,-0.13,-0.74,-0.34,-0.14,-1.26,-1.86,-2.16,-1.81,-0.43,-0.4,-1.27,-1.39,0
0.59,0.15,0.07,-0.02,-0.13,-0.17,-0.61,-0.28,-1.28,-0.42,0.48,-0.04,0.16,0.1,-0.26,0.27,0.07,-0.42,-0.73,-1.1,-0.63,0.02,-0.15,-0.41,-0.48,0
-0.83,-1.03,0.08,-0.08,0.87,0.64,1.55,1.28,1.13,0.92,-0.68,-0.84,0.0,-0.28,1.56,-0.06,0.5,1.06,1.0,1.67,1.38,0.84,0.77,1.21,1.1,0
0.9,1.1,0.04,-0.13,-0.28,-0.31,-0.75,-0.77,-2.89,-2.32,0.08,-0.04,0.1,-0.03,-0.65,-0.11,-0.19,-0.71,-1.33,-1.76,-1.52,-0.27,-0.33,-0.57,-0.56,0
-1.21,-1.31,-0.26,0.26,0.41,1.56,1.24,3.38,4.93,7.31,-0.76,-0.16,-1.22,0.6,0.85,2.36,0.32,2.05,3.24,3.52,4.82,0.51,1.06,2.51,1.78,0
0.63,1.03,0.02,-0.09,-0.48,-0.02,-0.49,0.36,-1.73,-0.27,-0.11,0.22,-0.22,0.36,-0.43,0.57,-0.32,-0.66,0.06,-0.67,0.21,-0.47,-0.38,0.05,-0.33,0
-2.03,-2.13,-0.27,0.27,1.48,2.53,1.83,3.22,3.62,5.54,-1.27,-0.44,-2.02,-0.14,-0.77,0.3,0.73,4.23,4.73,4.38,4.57,1.31,2.13,4.08,4.02,0
-0.2,0.48,0.04,-0.02,-0.15,-0.27,0.19,-0.21,-1.62,-1.85,0.04,0.29,0.55,0.59,0.47,0.49,-0.03,-0.49,-0.46,-0.52,-0.82,-0.04,-0.22,-0.3,-0.1,1
0.52,0.52,0.0,0.0,-0.62,-0.63,-1.1,-0.83,-1.7,-0.99,0.29,0.01,0.45,0.14,-0.7,0.18,-0.14,-0.97,-1.59,-1.82,-1.32,-0.53,-0.43,-1.15,-1.33,0
0.07,0.0,0.21,-0.23,0.57,0.09,1.58,0.86,1.55,1.21,-0.1,-0.48,1.36,0.77,2.68,2.0,-0.04,-0.15,0.34,1.28,0.52,0.02,-0.33,0.09,0.4,1
-0.22,-0.19,-0.11,0.03,-0.18,0.41,-0.36,0.97,-1.56,0.39,0.41,0.49,0.16,1.23,-0.42,1.57,-0.14,-0.24,0.33,-0.5,0.57,-0.13,0.05,0.55,-0.1,1
-0.09,0.13,-0.06,0.03,0.65,1.07,0.44,1.11,1.01,1.45,-0.26,-0.04,-0.2,0.24,-0.18,0.41,0.11,1.22,1.54,1.27,1.67,0.24,0.55,1.21,1.07,0
-0.89,-1.14,0.16,-0.18,0.84,0.67,1.7,1.5,0.48,0.74,-0.42,-0.47,0.46,0.15,2.02,0.82,0.15,0.88,1.12,1.51,1.39,0.17,0.84,1.13,1.02,1
0.66,0.68,-0.15,0.15,-0.95,-0.66,-1.37,-1.2,-3.15,-2.7,-0.44,0.13,-0.57,-0.43,-1.22,-0.6,0.04,-1.04,-1.63,-2.19,-1.88,-0.19,-0.12,-1.07,-1.36,1
0.86,0.69,0.01,0.03,-0.5,-0.44,-0.88,-0.33,-1.05,-0.03,0.34,0.02,0.63,0.45,-0.49,0.79,-0.1,-1.1,-1.14,-1.36,-0.6,-0.46,-0.52,-0.96,-1.22,0
0.08,-1.15,0.84,-0.89,1.52,-0.77,1.43,-1.68,2.87,-1.84,1.44,-0.15,0.89,-1.56,1.33,-3.94,0.46,1.61,1.13,1.91,-0.91,1.08,0.14,0.09,1.85,1
-0.43,-0.72,0.24,-0.29,0.43,-0.31,1.13,-0.09,0.17,-0.34,-0.34,-0.5,1.12,0.27,1.97,0.99,-0.1,-0.23,-0.31,0.54,-0.49,-0.15,-0.47,-0.41,0.09,1
0.98,1.26,0.18,-0.13,-0.71,-0.72,-1.26,-1.0,-2.45,-1.63,-0.68,-0.56,-1.21,-1.07,-1.79,-0.48,-0.11,-1.12,-0.89,-1.48,-1.15,-0.23,-0.51,-0.82,-0.81,1
0.5,0.44,-0.1,0.15,-0.38,0.03,-0.71,-0.2,-0.31,0.49,-0.13,0.29,-0.15,0.39,-0.26,0.75,-0.33,-0.85,-1.42,-1.21,-0.52,-0.64,-0.46,-0.64,-1.0,0
-0.02,-0.31,0.0,0.0,-0.37,-0.83,-1.85,-2.65,-3.25,-3.59,-0.19,-0.59,-0.67,-1.1,-1.85,-2.1,0.18,-0.01,-2.84,-3.08,-3.36,0.16,-0.17,-1.72,-1.02,1
1.06,1.01,0.2,-0.2,-0.77,-1.13,-1.46,-1.4,-1.65,-0.71,0.72,-0.01,0.53,0.09,-0.82,0.39,-0.39,-2.0,-2.73,-2.55,-1.79,-0.61,-1.0,-2.03,-2.05,0
-0.47,-0.03,-0.4,0.4,-0.35,-0.31,-2.02,-1.92,-2.73,-2.76,-0.44,0.88,-0.83,-0.41,-2.31,-1.63,0.11,-0.02,-2.22,-2.85,-2.57,-0.01,0.05,-1.21,-0.91,1
-0.37,-0.64,0.1,-0.12,0.45,0.34,1.07,0.35,-0.09,-2.06,-0.58,-0.18,-0.25,0.15,1.07,-0.6,0.26,0.86,1.17,1.33,0.06,0.53,0.36,0.72,1.01,1
0.82,0.96,-0.02,0.02,-1.02,-0.86,-1.64,-2.17,-3.34,-3.95,-0.67,-0.69,-0.72,-0.94,-1.06,-1.19,-0.09,-1.38,-2.87,-3.0,-3.18,-0.2,-0.4,-1.69,-1.87,1
0.55,0.84,-0.03,0.01,-0.77,-0.5,-1.38,-1.15,-2.43,-2.03,-0.25,0.17,-0.25,-0.13,-0.74,-0.34,-0.14,-1.26,-1.86,-2.16,-1.81,-0.43,-0.4,-1.27,-1.39,0
0.77,0.47,0.18,-0.17,0.18,0.06,0.33,0.09,-0.8,-1.12,0.43,-0.3,0.49,0.3,0.1,0.42,-0.17,-0.47,0.22,0.26,-0.07,-0.2,-0.23,0.06,0.06,0
-1.03,-0.81,-0.26,0.26,0.21,1.45,1.12,3.26,4.99,7.17,-0.75,-0.17,-1.08,0.77,1.03,2.45,0.33,1.68,2.92,3.3,4.68,0.43,0.92,2.23,1.36,0
-1.12,-1.5,0.25,-0.28,1.45,1.4,1.93,3.14,4.83,8.0,0.4,0.3,-0.41,-0.03,0.48,1.65,0.48,2.88,3.87,4.29,5.25,1.21,1.26,2.83,2.83,1
0.7,1.0,0.03,-0.04,-0.56,-0.3,-0.75,-0.14,-1.8,-0.87,0.21,0.05,-0.28,0.16,-0.61,0.22,-0.39,-0.93,-0.33,-0.89,-0.38,-0.55,-0.66,-0.38,-0.58,0
1.53,2.85,-0.14,0.19,-1.48,-1.39,-1.9,-1.96,-0.17,-1.87,-0.41,0.05,-2.08,-2.32,-3.66,-3.77,-0.22,-1.29,-0.22,-0.85,-1.22,-0.86,-1.27,-1.07,-0.87,1
-0.97,-1.34,0.04,-0.03,1.18,1.58,1.86,3.07,5.16,7.65,0.02,-0.07,-0.74,0.0,0.28,1.03,0.49,2.91,3.89,4.36,5.21,1.09,1.44,3.0,2.79,1
-0.2,-0.5,0.1,-0.11,-0.64,-0.95,-2.18,-2.72,-3.33,-4.82,-0.28,-0.27,-0.59,-1.23,-2.6,-2.64,0.06,-0.36,-2.62,-3.12,-3.63,0.08,-0.34,-1.52,-1.3,0
-0.87,-1.18,0.34,-0.29,0.39,-0.56,3.19,1.91,8.45,7.92,1.35,0.28,1.99,1.11,6.07,3.97,-0.5,-1.55,1.19,3.72,2.92,-0.33,-1.04,-0.34,0.05,0
-0.31,-0.02,-0.2,0.2,0.72,0.84,2.38,1.58,1.8,0.79,0.23,0.68,1.39,1.23,2.93,1.68,-0.19,0.3,1.78,2.37,1.6,0.01,0.3,1.1,1.02,0
-0.56,-0.91,0.11,-0.07,1.11,0.62,2.16,1.37,2.18,0.77,0.07,-0.68,0.51,0.83,2.65,1.01,0.24,1.29,1.56,2.28,1.3,0.65,0.51,1.07,1.42,1
0.48,0.51,0.14,-0.12,-0.69,-0.97,-1.94,-2.04,-2.51,-2.19,-0.12,-0.24,-0.62,-0.87,-2.1,-1.57,-0.09,-0.79,-2.17,-2.66,-2.37,-0.24,-0.48,-1.71,-1.43,0
0.46,0.63,-0.21,0.2,-0.88,-0.48,-1.35,-0.94,-3.37,-2.65,-0.46,0.25,-0.54,-0.3,-1.45,-0.57,0.09,-0.86,-1.26,-2.05,-1.57,-0.16,-0.04,-0.83,-1.15,1
-0.85,-1.22,0.33,-0.34,1.74,1.48,2.94,3.54,6.11,8.68,0.72,0.34,0.5,0.41,2.35,2.34,0.34,2.92,4.34,5.25,5.63,0.94,1.07,2.93,3.2,1
-0.86,-1.16,-0.09,0.06,0.89,0.86,2.26,2.47,6.18,8.1,0.75,0.74,1.85,1.94,4.48,4.36,-0.11,0.11,0.75,2.2,3.29,0.07,0.19,0.71,0.48,0
1.4,1.19,0.06,-0.04,-1.11,-1.33,-1.78,-1.95,-2.25,-1.54,0.6,0.05,0.35,-0.02,-0.91,0.02,-0.48,-2.4,-3.46,-3.1,-2.55,-0.81,-1.13,-2.49,-2.54,0
0.03,-0.28,0.1,-0.1,-0.49,-0.07,0.05,0.74,-0.49,0.27,-0.63,-0.87,-0.07,0.22,0.39,0.93,0.15,-0.28,0.73,0.42,0.81,-0.04,0.18,0.16,-0.19,0
-0.83,-1.56,-0.09,0.12,1.01,1.75,4.58,5.5,12.17,13.24,1.67,1.55,3.23,3.46,8.01,7.54,-0.34,0.24,3.56,5.76,7.15,-0.27,0.33,2.59,1.36,1
0.09,0.36,0.08,-0.1,-0.44,-0.15,-0.26,0.69,-0.44,0.72,-0.16,0.18,0.22,0.55,0.02,1.12,0.0,-0.44,0.47,0.0,0.7,-0.23,-0.12,0.04,-0.44,0
-0.85,-1.03,0.06,-0.06,0.05,-0.35,-0.35,-0.72,-1.38,-0.73,0.57,0.19,0.7,0.26,0.2,0.36,-0.21,-0.4,-1.08,-1.17,-1.02,-0.21,-0.36,-0.73,-0.47,0
1.9,2.52,-0.27,0.35,-0.86,-0.18,-1.05,-0.62,-1.06,-0.24,-0.21,-0.08,-0.69,-0.02,-1.31,0.58,-0.39,-1.59,-1.59,-1.49,-0.82,-0.85,-0.62,-1.13,-1.47,1
0.66,0.08,0.2,-0.19,-0.55,-1.01,-2.01,-2.13,0.48,-1.96,0.39,0.24,-0.49,-1.03,-2.46,-2.6,0.14,0.12,-0.99,-1.81,-1.95,0.04,-0.51,-1.01,-0.62,0
0.17,0.05,-0.07,0.02,0.04,0.48,0.55,0.75,-0.02,0.42,-0.34,-0.35,0.73,1.14,0.9,1.54,0.04,-0.45,0.38,0.57,0.48,-0.38,-0.21,0.33,0.02,1
0.98,0.7,0.13,-0.14,-0.24,-0.45,-0.77,0.04,-2.65,-0.61,0.36,-0.34,0.38,0.43,-1.22,0.77,-0.12,-0.89,-0.47,-1.4,-0.38,-0.14,-0.47,-0.37,-0.48,1
-1.0,-1.27,0.39,-0.43,1.77,1.35,2.65,3.3,5.57,8.34,0.78,0.72,0.32,0.27,1.76,2.12,0.39,2.85,4.13,4.93,5.36,1.07,1.01,2.76,3.1,1
-1.92,-2.1,-0.17,0.17,1.46,2.64,1.69,3.56,3.43,6.14,-1.15,-0.33,-2.01,0.06,-0.82,1.1,0.76,4.33,4.82,4.25,4.83,1.36,2.23,4.19,4.01,0
1.51,2.11,-0.18,0.2,-0.51,-0.36,-0.58,-0.73,-1.47,-0.45,-0.32,0.03,-0.83,-0.31,-1.09,0.12,-0.33,-1.28,-1.23,-1.04,-0.77,-0.63,-0.57,-1.01,-0.91,1
-0.83,-0.96,-0.02,0.01,0.08,-0.28,-0.16,-0.59,-0.69,-0.26,0.65,0.29,0.75,0.37,0.62,0.56,-0.19,-0.37,-1.08,-0.93,-0.82,-0.12,-0.23,-0.7,-0.46,0
0.07,0.0,0.21,-0.23,0.57,0.09,1.58,0.86,1.55,1.21,-0.1,-0.48,1.36,0.77,2.68,2.0,-0.04,-0.15,0.34,1.28,0.52,0.02,-0.33,0.09,0.4,1
-0.56,-0.91,0.11,-0.07,1.11,0.62,2.16,1.37,2.18,0.77,0.07,-0.68,0.51,0.83,2.65,1.01,0.24,1.29,1.56,2.28,1.3,0.65,0.51,1.07,1.42,1
0.8,0.9,0.01,-0.01,-0.99,-0.89,-1.45,-2.08,-3.04,-3.72,-0.61,-0.63,-0.62,-0.92,-0.82,-1.09,-0.1,-1.37,-2.7,-2.74,-3.02,-0.2,-0.39,-1.64,-1.78,1
0.07,0.01,-0.02,-0.01,-0.8,-0.4,-1.25,-0.83,-1.61,-1.3,-0.36,-0.25,-0.11,0.52,-1.02,0.24,-0.12,-1.07,-1.63,-1.55,-1.45,-0.5,-0.53,-1.13,-1.33,1
-1.6,-2.24,-0.2,0.19,1.02,2.07,1.52,3.6,4.33,7.14,-0.88,0.1,-1.63,0.22,0.09,1.98,0.45,3.26,4.18,4.01,5.01,0.86,1.64,3.42,3.06,0
-0.93,-0.9,0.1,-0.09,0.97,0.72,1.71,1.36,0.97,0.79,-0.74,-0.7,0.05,-0.17,1.56,-0.01,0.51,1.1,1.19,1.8,1.47,0.87,0.77,1.3,1.26,0
0.09,0.21,0.19,-0.23,-0.57,-0.77,-1.59,-1.4,-2.7,-2.37,0.02,0.04,-0.22,-0.52,-1.68,-0.99,-0.26,-0.64,-1.73,-2.3,-1.97,-0.35,-0.38,-1.14,-1.2,0
-0.45,0.37,-0.71,0.63,-0.16,1.46,1.75,3.8,5.44,7.15,0.07,1.59,0.54,1.55,3.06,3.58,-0.47,0.88,2.78,3.21,5.07,-0.86,0.46,2.11,0.66,1
-0.73,-0.67,-0.12,0.1,0.99,0.89,1.93,1.58,1.0,0.82,-0.12,0.34,0.97,1.06,2.36,1.85,0.01,0.86,1.18,1.73,1.47,0.16,0.41,1.08,1.05,1
-0.81,-1.21,0.19,-0.13,1.02,0.52,1.92,1.11,1.77,0.23,-0.18,-1.21,0.16,0.44,2.33,0.68,0.34,1.33,1.39,2.05,0.95,0.8,0.63,0.97,1.35,1
-1.53,-2.1,0.22,-0.19,2.19,1.55,3.11,2.85,2.61,3.12,1.22,0.79,2.36,1.4,3.19,2.7,0.33,2.28,2.82,2.99,2.94,1.14,1.41,2.59,2.73,1
0.1,-0.18,0.13,-0.1,-0.29,-0.47,-1.79,-1.91,-3.43,-4.15,0.24,-0.46,-0.44,-1.41,-2.51,-2.74,0.2,0.32,-1.45,-2.34,-2.53,-0.02,-0.11,-0.66,-0.57,1
-0.66,-1.43,0.17,-0.1,0.77,0.87,4.29,4.49,11.53,11.85,1.88,0.98,3.3,2.89,7.78,6.95,-0.47,-0.72,2.82,5.23,5.93,-0.38,-0.36,1.57,0.83,1
1.51,2.11,-0.18,0.2,-0.51,-0.36,-0.58,-0.73,-1.47,-0.45,-0.32,0.03,-0.83,-0.31,-1.09,0.12,-0.33,-1.28,-1.23,-1.04,-0.77,-0.63,-0.57,-1.01,-0.91,1
0.72,0.97,-0.03,-0.04,-0.45,0.03,-0.47,0.33,-1.93,-0.42,-0.14,0.21,-0.15,0.35,-0.45,0.54,-0.26,-0.61,-0.01,-0.78,0.1,-0.44,-0.28,0.06,-0.3,0
-0.09,-0.18,-0.06,0.0,-0.74,-0.22,-1.08,-0.6,-1.54,-1.18,-0.46,-0.44,-0.02,0.59,-0.88,0.37,-0.11,-0.94,-1.35,-1.32,-1.21,-0.53,-0.48,-0.89,-1.17,1
-0.38,-0.09,-0.22,0.2,0.05,0.11,1.07,0.9,0.31,0.49,-0.4,0.1,0.53,0.69,1.48,1.45,-0.08,-0.08,0.85,1.08,0.8,-0.16,0.25,0.34,0.37,0
0.21,1.05,-0.04,0.03,0.08,0.59,0.29,0.57,-0.3,-0.28,0.04,0.52,0.08,0.48,0.05,0.52,-0.07,-0.23,0.23,0.27,0.38,-0.24,0.12,0.48,0.11,0
-0.83,-0.96,-0.02,0.01,0.08,-0.28,-0.16,-0.59,-0.69,-0.26,0.65,0.29,0.75,0.37,0.62,0.56,-0.19,-0.37,-1.08,-0.93,-0.82,-0.12,-0.23,-0.7,-0.46,0
-0.95,-1.17,0.34,-0.29,0.21,-0.67,0.67,-1.01,-0.55,-2.12,-1.06,-1.21,-0.01,-0.73,1.22,-0.89,0.27,0.27,-0.29,0.4,-1.23,0.5,-0.03,-0.69,0.32,1
-0.54,0.24,-0.62,0.55,-0.05,1.38,1.66,3.39,4.57,6.08,-0.07,1.28,0.45,1.24,2.84,2.88,-0.33,0.87,2.44,2.86,4.45,-0.67,0.53,1.99,0.65,1
1.5,2.68,-0.09,0.19,-0.68,-0.44,-1.25,-0.54,-1.17,-0.05,-0.37,-0.04,-1.35,-1.11,-2.14,-1.02,-0.35,-0.8,-0.01,-0.5,0.04,-0.74,-0.64,-0.43,-0.76,1
-0.48,0.03,-0.23,0.25,0.16,0.37,1.28,1.25,0.92,1.16,-0.17,0.64,0.75,1.17,1.82,1.86,-0.18,-0.06,1.13,1.32,1.25,-0.17,0.13,0.58,0.48,0
0.69,0.61,0.08,-0.07,-0.22,-0.61,-0.59,-0.44,-2.28,-0.81,0.14,-0.57,0.15,-0.12,-0.55,0.47,-0.23,-0.65,-0.88,-1.44,-0.85,-0.19,-0.63,-0.55,-0.39,0
1.51,2.11,-0.18,0.2,-0.51,-0.36,-0.58,-0.73,-1.47,-0.45,-0.32,0.03,-0.83,-0.31,-1.09,0.12,-0.33,-1.28,-1.23,-1.04,-0.77,-0.63,-0.57,-1.01,-0.91,1
0.82,0.96,-0.02,0.02,-1.02,-0.86,-1.64,-2.17,-3.34,-3.95,-0.67,-0.69,-0.72,-0.94,-1.06,-1.19,-0.09,-1.38,-2.87,-3.0,-3.18,-0.2,-0.4,-1.69,-1.87,1
0.21,1.05,-0.04,0.03,0.08,0.59,0.29,0.57,-0.3,-0.28,0.04,0.52,0.08,0.48,0.05,0.52,-0.07,-0.23,0.23,0.27,0.38,-0.24,0.12,0.48,0.11,0
-1.13,-0.97,0.0,0.04,1.23,1.13,2.36,2.07,1.36,1.35,-0.79,-0.14,0.27,0.42,1.98,0.81,0.5,1.39,2.16,2.62,2.39,0.86,0.9,1.79,1.8,0
-0.18,-0.27,-0.07,0.08,-0.41,-0.79,-2.06,-2.68,-3.39,-3.56,-0.29,-0.15,-0.77,-0.99,-2.06,-2.06,0.22,-0.02,-3.02,-3.3,-3.45,0.13,-0.09,-1.78,-1.12,1
1.29,2.54,0.07,0.04,-0.63,-0.49,-0.88,-0.23,0.24,0.92,-0.41,-0.14,-1.17,-1.15,-1.39,-0.81,-0.26,-0.85,0.26,0.05,0.65,-0.65,-0.7,-0.49,-0.78,1
0.05,-0.37,0.03,-0.04,-0.29,-0.77,-1.55,-2.38,-2.83,-3.27,-0.09,-0.88,-0.51,-1.12,-1.6,-1.99,0.14,0.05,-2.41,-2.68,-2.97,0.15,-0.24,-1.48,-0.82,1
-0.05,0.5,-0.15,0.13,0.09,-0.11,0.02,-0.21,2.39,0.41,-0.16,0.15,-0.56,-0.65,-1.17,-1.77,0.07,0.73,1.36,1.13,0.54,0.06,-0.11,0.57,0.91,0
-0.58,-0.76,-0.02,-0.01,0.21,-0.13,0.12,-0.32,-0.05,0.31,0.75,0.37,0.82,0.46,0.96,0.75,-0.1,-0.18,-0.83,-0.55,-0.47,0.02,-0.1,-0.49,-0.26,0
-0.4,0.17,-0.2,0.22,0.25,0.51,1.41,1.38,1.18,1.35,-0.09,0.67,0.85,1.26,1.97,1.96,-0.15,0.01,1.29,1.48,1.43,-0.1,0.17,0.73,0.56,0
-0.4,-0.45,-0.22,0.22,0.92,0.88,2.56,1.55,2.88,1.51,0.62,0.58,1.51,1.45,3.32,1.75,-0.07,0.38,1.48,2.47,1.59,0.18,0.42,0.95,0.96,0
-0.2,-0.4,0.08,-0.09,-0.43,-0.79,-1.92,-2.59,-1.56,-3.8,-0.14,-0.28,-0.36,-1.11,-2.24,-2.59,0.03,-0.19,-2.28,-2.68,-3.22,0.09,-0.25,-1.38,-1.09,0
-0.73,-0.37,0.08,-0.1,-0.35,0.25,-0.88,0.63,-2.13,-0.33,0.36,0.0,0.09,1.03,-1.03,1.37,-0.22,-0.57,-0.09,-0.99,0.1,-0.16,-0.2,0.19,-0.51,1
0.07,0.01,-0.02,-0.01,-0.8,-0.4,-1.25,-0.83,-1.61,-1.3,-0.36,-0.25,-0.11,0.52,-1.02,0.24,-0.12,-1.07,-1.63,-1.55,-1.45,-0.5,-0.53,-1.13,-1.33,1
-0.11,-1.53,0.8,-0.86,1.38,-0.52,0.68,-1.61,0.73,-3.57,0.58,-0.62,-0.81,-2.56,-1.32,-5.87,0.76,2.65,2.11,2.11,-0.65,1.51,0.68,0.94,2.49,1
0.55,0.84,-0.03,0.01,-0.77,-0.5,-1.38,-1.15,-2.43,-2.03,-0.25,0.17,-0.25,-0.13,-0.74,-0.34,-0.14,-1.26,-1.86,-2.16,-1.81,-0.43,-0.4,-1.27,-1.39,0
0.98,1.26,0.18,-0.13,-0.71,-0.72,-1.26,-1.0,-2.45,-1.63,-0.68,-0.56,-1.21,-1.07,-1.79,-0.48,-0.11,-1.12,-0.89,-1.48,-1.15,-0.23,-0.51,-0.82,-0.81,1
-0.03,-0.24,-0.11,0.14,-0.39,0.13,-0.73,-0.05,-1.69,-0.73,0.7,0.8,0.6,1.28,-0.51,0.39,-0.17,-0.83,-0.64,-0.91,-0.45,-0.24,0.02,-0.25,-0.85,1
0.86,0.69,0.01,0.03,-0.5,-0.44,-0.88,-0.33,-1.05,-0.03,0.34,0.02,0.63,0.45,-0.49,0.79,-0.1,-1.1,-1.14,-1.36,-0.6,-0.46,-0.52,-0.96,-1.22,0
-1.12,-1.6,-0.28,0.25,1.02,2.02,3.49,4.55,9.7,10.84,1.55,1.86,2.95,3.62,6.61,6.45,-0.24,0.77,2.58,4.09,5.67,-0.14,0.8,2.33,1.11,1
-1.11,-2.46,0.29,-0.31,2.2,1.57,2.92,2.78,2.14,2.57,1.44,0.41,2.35,1.35,3.1,2.56,0.36,2.34,2.61,2.56,2.74,1.12,1.29,2.52,2.69,1
0.17,-0.44,0.17,-0.14,0.28,-0.07,-0.15,-0.23,-1.08,-0.2,0.8,0.08,0.66,0.24,0.07,0.42,0.06,0.0,-0.42,-0.73,-0.47,0.06,-0.19,-0.2,-0.01,0
-1.12,-1.55,0.25,-0.25,0.76,-0.49,-0.68,-2.11,-1.51,-4.77,-0.97,-0.94,-2.82,-3.3,-4.19,-7.27,0.72,2.37,1.59,1.2,-1.31,1.26,0.89,0.74,2.02,0
-0.83,-1.03,0.08,-0.08,0.87,0.64,1.55,1.28,1.13,0.92,-0.68,-0.84,0.0,-0.28,1.56,-0.06,0.5,1.06,1.0,1.67,1.38,0.84,0.77,1.21,1.1,0
