,FP2,FP1,F4,F3 ,C4,C3,P4,P3,O2,O1,F8,F7,T4,T3,T6,T5,Fz,Cz,Pz,PO4,PO3,FC2,FC1,CP1,CP2,Label
423,0.11,-0.24,-0.08,0.08,-0.35,-0.06,-0.72,-0.23,-1.64,-0.75,0.92,0.83,0.8,1.18,-0.25,0.24,-0.17,-0.98,-0.93,-1.12,-0.65,-0.19,-0.09,-0.48,-1.0,1
129,-1.01,-1.48,0.21,-0.16,0.92,0.5,1.64,0.87,1.3,-0.34,-0.43,-1.53,-0.16,0.09,1.98,0.43,0.42,1.33,1.2,1.79,0.64,0.89,0.71,0.89,1.24,1
442,0.83,0.6,-0.19,0.18,-0.44,-0.03,-0.5,-0.1,-2.57,-1.44,-0.06,-0.15,-0.11,0.14,-0.53,0.22,-0.19,-0.63,-0.46,-1.11,-0.6,-0.42,-0.19,-0.09,-0.32,0
121,-1.01,-0.81,-0.04,0.02,0.89,0.82,1.77,1.5,0.57,0.6,-0.27,0.15,0.79,0.85,2.12,1.69,0.04,0.84,1.06,1.53,1.32,0.16,0.52,1.06,0.98,1
97,-0.66,-1.18,0.19,-0.18,1.6,1.63,3.14,3.85,6.63,9.07,0.59,-0.17,0.63,0.57,2.89,2.67,0.26,2.94,4.51,5.47,5.95,0.76,1.15,3.1,3.18,1
162,-0.09,-0.18,-0.06,0.0,-0.74,-0.22,-1.08,-0.6,-1.54,-1.18,-0.46,-0.44,-0.02,0.59,-0.88,0.37,-0.11,-0.94,-1.35,-1.32,-1.21,-0.53,-0.48,-0.89,-1.17,1
468,0.55,0.61,0.15,-0.16,0.18,0.2,0.31,0.25,-0.72,-1.05,0.21,-0.21,0.27,0.25,-0.02,0.35,-0.13,-0.33,0.33,0.34,0.09,-0.16,-0.11,0.25,0.15,0
393,0.56,0.03,0.17,-0.19,-0.94,-1.54,-2.75,-3.34,-2.37,-4.91,0.12,-0.08,-1.12,-1.78,-3.76,-3.87,0.15,-0.13,-1.91,-2.84,-3.64,0.01,-0.58,-1.65,-0.99,0
140,-0.95,-1.17,0.34,-0.29,0.21,-0.67,0.67,-1.01,-0.55,-2.12,-1.06,-1.21,-0.01,-0.73,1.22,-0.89,0.27,0.27,-0.29,0.4,-1.23,0.5,-0.03,-0.69,0.32,1
389,0.33,0.68,-0.18,0.12,-0.47,-0.11,-1.01,-0.23,-3.26,-2.04,-0.3,0.12,-0.14,0.14,-1.63,-0.14,0.08,-0.53,-0.35,-1.45,-0.72,-0.06,-0.05,-0.25,-0.49,1
161,-0.17,-0.24,-0.09,0.02,-0.61,-0.01,-0.74,-0.27,-1.23,-0.83,-0.53,-0.53,0.13,0.68,-0.53,0.62,-0.09,-0.81,-0.93,-0.9,-0.82,-0.54,-0.42,-0.58,-0.92,1
99,-0.27,-0.91,-0.23,0.24,0.99,1.84,3.05,4.41,7.27,9.6,0.32,-0.7,0.75,1.01,3.56,3.59,-0.03,2.59,4.5,5.35,6.46,0.17,1.14,3.18,2.64,1
446,0.63,1.03,0.02,-0.09,-0.48,-0.02,-0.49,0.36,-1.73,-0.27,-0.11,0.22,-0.22,0.36,-0.43,0.57,-0.32,-0.66,0.06,-0.67,0.21,-0.47,-0.38,0.05,-0.33,0
507,0.69,0.95,-0.03,0.01,-0.77,-0.52,-1.38,-1.23,-2.55,-2.24,-0.17,0.2,-0.22,-0.14,-0.8,-0.42,-0.17,-1.28,-1.86,-2.18,-1.92,-0.48,-0.48,-1.3,-1.37,0
54,-1.46,-1.52,-0.32,0.26,0.54,1.55,1.1,2.21,3.13,4.6,1.2,1.65,1.98,3.03,3.01,4.14,-0.24,0.63,0.41,0.57,1.98,0.02,0.88,1.13,0.18,1
270,0.75,1.92,-0.19,0.15,-1.79,-1.83,-2.64,-2.96,-2.24,-2.6,0.26,0.09,-0.82,-2.06,-2.97,-3.22,-0.37,-2.3,-2.6,-3.13,-2.84,-1.06,-1.31,-2.46,-2.44,1
450,0.12,0.02,0.3,-0.37,-0.22,-0.84,-0.93,-0.8,-1.61,-1.08,1.36,1.01,1.08,0.6,0.01,0.22,-0.36,-1.7,-1.78,-1.7,-1.31,-0.11,-0.87,-1.33,-1.52,1
493,0.7,0.96,0.0,-0.01,-0.17,-0.23,-0.15,-0.01,-1.33,-0.5,0.08,-0.19,0.33,0.05,0.07,0.46,-0.19,-0.47,-0.25,-0.63,-0.18,-0.22,-0.39,-0.12,-0.18,0
287,1.79,2.93,-0.15,0.15,-1.69,-2.15,-2.88,-3.84,-3.26,-5.73,-0.36,0.07,-2.05,-3.07,-4.63,-5.34,-0.28,-1.95,-1.88,-2.76,-3.85,-0.91,-1.59,-2.32,-1.57,1
111,-0.51,-0.42,-0.38,0.36,0.38,1.23,1.66,2.54,2.78,3.88,-0.4,-0.23,0.34,0.4,2.48,1.46,0.02,1.05,1.86,2.29,3.21,-0.11,0.83,1.81,0.9,1
276,0.09,0.36,0.08,-0.1,-0.44,-0.15,-0.26,0.69,-0.44,0.72,-0.16,0.18,0.22,0.55,0.02,1.12,0.0,-0.44,0.47,0.0,0.7,-0.23,-0.12,0.04,-0.44,0
64,-0.61,-0.78,0.1,-0.09,0.57,0.48,0.55,0.54,2.22,0.74,-0.13,0.96,-1.53,-0.66,-1.86,-2.64,0.39,1.76,2.69,2.9,1.79,0.66,0.56,1.44,1.92,1
179,-1.21,-1.31,-0.26,0.26,0.41,1.56,1.24,3.38,4.93,7.31,-0.76,-0.16,-1.22,0.6,0.85,2.36,0.32,2.05,3.24,3.52,4.82,0.51,1.06,2.51,1.78,0
192,-0.83,-1.03,0.08,-0.08,0.87,0.64,1.55,1.28,1.13,0.92,-0.68,-0.84,0.0,-0.28,1.56,-0.06,0.5,1.06,1.0,1.67,1.38,0.84,0.77,1.21,1.1,0
175,-0.87,0.04,-0.43,0.5,-0.68,-0.02,-1.47,-0.88,-2.11,-2.02,-1.33,0.13,-1.18,-0.21,-1.44,-0.69,0.08,-0.44,-1.54,-1.93,-1.68,-0.17,0.34,-0.62,-0.89,1
251,-0.38,-0.09,-0.22,0.2,0.05,0.11,1.07,0.9,0.31,0.49,-0.4,0.1,0.53,0.69,1.48,1.45,-0.08,-0.08,0.85,1.08,0.8,-0.16,0.25,0.34,0.37,0
384,0.82,0.74,-0.08,0.09,-0.98,-0.8,-1.34,-1.46,-2.93,-2.81,-0.44,-0.06,-0.55,-0.56,-0.97,-0.64,-0.01,-1.19,-1.96,-2.29,-2.19,-0.21,-0.22,-1.29,-1.52,1
66,-0.87,-1.18,0.34,-0.29,0.39,-0.56,3.19,1.91,8.45,7.92,1.35,0.28,1.99,1.11,6.07,3.97,-0.5,-1.55,1.19,3.72,2.92,-0.33,-1.04,-0.34,0.05,0
34,-1.42,-1.58,-0.34,0.29,0.69,1.76,1.76,2.86,5.27,6.57,1.34,1.76,2.34,3.32,4.17,4.84,-0.23,0.71,0.93,1.51,3.03,-0.05,0.91,1.44,0.39,1
354,1.4,1.46,0.0,-0.04,-0.83,-0.82,-1.47,-1.51,-2.37,-2.56,-0.91,-1.09,-1.73,-1.59,-2.37,-1.53,0.02,-1.03,-1.07,-1.45,-1.57,-0.15,-0.29,-0.99,-0.92,1
134,-0.49,-1.02,0.0,-0.04,0.59,0.84,1.13,0.84,0.33,-1.57,-0.55,0.19,-0.37,0.32,1.16,-0.03,0.31,1.04,1.41,1.51,0.56,0.58,0.53,1.13,1.08,1
158,0.17,0.05,-0.07,0.02,0.04,0.48,0.55,0.75,-0.02,0.42,-0.34,-0.35,0.73,1.14,0.9,1.54,0.04,-0.45,0.38,0.57,0.48,-0.38,-0.21,0.33,0.02,1
46,0.08,-1.15,0.84,-0.89,1.52,-0.77,1.43,-1.68,2.87,-1.84,1.44,-0.15,0.89,-1.56,1.33,-3.94,0.46,1.61,1.13,1.91,-0.91,1.08,0.14,0.09,1.85,1
51,-1.06,-1.27,-0.17,0.09,0.79,1.23,1.06,1.83,-0.08,1.46,0.83,1.37,1.36,2.08,1.55,2.9,-0.15,0.93,0.89,0.48,1.3,0.31,0.79,1.35,0.84,1
216,-0.57,-0.39,-0.18,0.18,0.96,0.83,2.53,1.57,3.01,1.58,0.62,0.57,1.55,1.37,3.37,1.8,-0.08,0.39,1.37,2.38,1.59,0.2,0.41,0.95,0.95,0
467,0.35,0.8,0.09,-0.11,0.16,0.35,0.29,0.39,-0.58,-0.89,0.05,0.0,0.12,0.26,-0.08,0.33,-0.09,-0.24,0.38,0.37,0.22,-0.15,0.01,0.39,0.19,0
62,-0.52,-1.3,0.4,-0.42,0.7,-0.05,0.07,-0.55,0.34,-2.33,-0.1,0.14,-1.88,-1.81,-2.85,-4.68,0.59,2.13,2.53,2.3,0.47,1.08,0.59,1.22,2.08,1
453,-0.41,-0.39,0.47,-0.52,-0.09,-0.65,-0.77,-0.35,-1.11,-0.39,1.17,1.16,0.81,0.6,-0.15,0.81,-0.52,-1.47,-1.27,-1.19,-0.7,-0.14,-0.91,-0.95,-1.17,1
147,0.22,0.07,0.21,-0.23,0.61,0.33,1.66,1.16,1.85,1.64,0.03,-0.29,1.36,1.08,2.79,2.23,0.03,-0.04,0.6,1.48,0.87,0.12,-0.24,0.34,0.52,1
160,-0.14,-0.19,-0.11,0.03,-0.41,0.19,-0.31,0.12,-0.77,-0.35,-0.54,-0.52,0.33,0.81,-0.06,0.95,-0.06,-0.69,-0.45,-0.38,-0.33,-0.52,-0.34,-0.24,-0.61,1
75,-0.97,-1.34,0.04,-0.03,1.18,1.58,1.86,3.07,5.16,7.65,0.02,-0.07,-0.74,0.0,0.28,1.03,0.49,2.91,3.89,4.36,5.21,1.09,1.44,3.0,2.79,1
10,-1.28,-2.25,0.28,-0.27,2.27,1.57,3.11,2.86,2.45,2.87,1.36,0.65,2.41,1.35,3.24,2.67,0.36,2.37,2.78,2.87,2.89,1.17,1.36,2.6,2.79,1
165,0.42,0.44,0.05,-0.03,-0.71,-0.58,-1.12,-0.95,-1.01,-0.88,-0.18,0.3,-0.1,0.41,-0.71,0.25,-0.09,-1.23,-1.75,-1.49,-1.48,-0.43,-0.59,-1.32,-1.33,1
308,0.25,0.4,-0.06,0.09,-0.63,-0.47,-1.12,-0.84,-1.52,-1.22,0.03,-0.19,-0.01,-0.21,-0.9,-0.48,0.04,-0.6,-1.33,-1.67,-1.27,-0.24,0.0,-0.87,-1.12,0
116,-0.63,-1.2,0.12,-0.12,0.89,0.73,1.75,1.54,0.66,0.95,-0.44,-0.8,0.47,-0.02,2.12,0.65,0.18,0.93,1.18,1.58,1.52,0.21,0.91,1.2,1.08,1
431,-0.09,0.13,-0.06,0.03,0.65,1.07,0.44,1.11,1.01,1.45,-0.26,-0.04,-0.2,0.24,-0.18,0.41,0.11,1.22,1.54,1.27,1.67,0.24,0.55,1.21,1.07,0
177,-1.06,-0.12,-0.41,0.46,-0.53,0.12,-1.45,-0.93,-2.43,-2.3,-1.54,0.05,-1.47,-0.37,-1.73,-0.93,0.14,-0.08,-1.29,-1.78,-1.65,0.05,0.49,-0.42,-0.54,1
346,0.64,0.26,0.24,-0.27,-0.74,-1.32,-2.25,-2.92,-3.71,-4.96,0.04,-0.47,-0.67,-1.54,-2.53,-2.81,-0.08,-0.8,-2.76,-3.22,-3.76,-0.24,-0.78,-1.94,-1.61,0
286,1.84,2.72,-0.08,0.08,-1.58,-2.41,-3.11,-4.52,-4.43,-7.22,-0.34,-0.14,-1.92,-3.32,-4.82,-5.89,-0.31,-2.04,-2.45,-3.38,-4.81,-0.84,-1.66,-2.74,-1.71,1
408,-0.2,0.48,0.04,-0.02,-0.15,-0.27,0.19,-0.21,-1.62,-1.85,0.04,0.29,0.55,0.59,0.47,0.49,-0.03,-0.49,-0.46,-0.52,-0.82,-0.04,-0.22,-0.3,-0.1,1
325,-0.3,-0.06,-0.02,0.0,-0.53,-0.41,-1.64,-1.38,-2.27,-2.02,-0.04,-0.32,-0.26,-0.5,-1.83,-1.14,-0.23,-0.33,-1.57,-2.31,-1.82,-0.25,-0.07,-0.9,-1.05,0
326,-0.28,-0.01,-0.09,0.08,-0.5,-0.33,-1.73,-1.43,-2.44,-2.09,-0.07,-0.25,-0.36,-0.48,-2.01,-1.22,-0.17,-0.24,-1.6,-2.43,-1.89,-0.17,0.02,-0.87,-1.01,0
48,-0.85,-1.03,0.06,-0.06,0.05,-0.35,-0.35,-0.72,-1.38,-0.73,0.57,0.19,0.7,0.26,0.2,0.36,-0.21,-0.4,-1.08,-1.17,-1.02,-0.21,-0.36,-0.73,-0.47,0
323,1.62,2.6,-0.21,0.28,-1.04,-0.24,-1.05,-0.42,0.0,0.19,-0.44,-0.3,-0.87,-0.4,-1.22,0.1,-0.28,-1.46,-1.04,-0.97,-0.28,-0.79,-0.62,-0.99,-1.46,1
503,0.81,1.0,0.0,0.0,-0.59,-0.38,-0.9,-0.46,-2.02,-1.32,0.27,0.03,-0.24,0.07,-0.71,0.0,-0.35,-1.02,-0.67,-1.18,-0.81,-0.55,-0.69,-0.61,-0.73,0
136,-0.37,-0.64,0.1,-0.12,0.45,0.34,1.07,0.35,-0.09,-2.06,-0.58,-0.18,-0.25,0.15,1.07,-0.6,0.26,0.86,1.17,1.33,0.06,0.53,0.36,0.72,1.01,1
121,-1.01,-0.81,-0.04,0.02,0.89,0.82,1.77,1.5,0.57,0.6,-0.27,0.15,0.79,0.85,2.12,1.69,0.04,0.84,1.06,1.53,1.32,0.16,0.52,1.06,0.98,1
402,0.98,0.7,0.13,-0.14,-0.24,-0.45,-0.77,0.04,-2.65,-0.61,0.36,-0.34,0.38,0.43,-1.22,0.77,-0.12,-0.89,-0.47,-1.4,-0.38,-0.14,-0.47,-0.37,-0.48,1
153,-0.2,-0.75,0.24,-0.28,0.43,-0.05,1.01,0.05,-0.3,-0.53,-0.17,-0.3,1.01,0.7,1.64,0.92,-0.01,-0.15,-0.08,0.52,-0.31,-0.11,-0.34,-0.11,0.19,1
119,-1.23,-1.01,0.13,-0.15,0.79,0.68,1.64,1.45,0.25,0.48,-0.41,-0.11,0.52,0.48,1.9,1.25,0.1,0.84,1.01,1.41,1.23,0.16,0.71,1.06,0.94,1
157,0.3,0.07,-0.02,-0.03,0.22,0.51,0.83,0.86,0.09,0.5,-0.2,-0.27,0.87,1.26,1.23,1.64,0.08,-0.34,0.58,0.82,0.64,-0.28,-0.16,0.47,0.23,1
334,1.72,2.27,-0.21,0.27,-0.57,-0.27,-0.73,-0.7,-1.53,-0.38,-0.2,0.09,-0.71,-0.1,-1.15,0.44,-0.4,-1.42,-1.45,-1.29,-0.84,-0.74,-0.61,-1.07,-1.11,1
505,0.9,1.03,-0.03,0.03,-0.68,-0.49,-1.2,-1.03,-2.45,-2.09,0.15,0.13,-0.18,-0.08,-0.83,-0.36,-0.24,-1.19,-1.42,-1.82,-1.63,-0.53,-0.62,-1.07,-1.08,0
482,1.01,1.4,-0.22,0.23,-1.3,-1.08,-1.64,-2.1,-2.53,-2.81,0.21,0.44,0.01,-0.06,-0.68,-0.33,-0.5,-2.41,-3.32,-2.94,-2.93,-0.94,-1.01,-2.33,-2.52,0
143,-0.5,-0.98,0.31,-0.3,0.39,0.12,1.09,0.18,0.96,0.33,-0.46,-0.11,0.67,0.5,2.09,0.88,0.23,0.18,0.14,0.93,0.06,0.38,-0.1,-0.09,0.36,1
190,-0.68,-1.09,-0.05,0.05,0.6,0.68,1.34,1.53,2.05,2.01,-0.64,-0.71,-0.12,-0.14,1.66,0.43,0.45,1.02,1.05,1.76,1.82,0.68,0.81,1.21,0.88,0
327,-0.16,0.11,-0.12,0.12,-0.49,-0.35,-1.87,-1.56,-2.82,-2.33,-0.11,-0.11,-0.5,-0.49,-2.26,-1.32,-0.11,-0.22,-1.73,-2.64,-2.08,-0.11,0.05,-0.94,-1.02,0
417,-0.73,-0.37,0.08,-0.1,-0.35,0.25,-0.88,0.63,-2.13,-0.33,0.36,0.0,0.09,1.03,-1.03,1.37,-0.22,-0.57,-0.09,-0.99,0.1,-0.16,-0.2,0.19,-0.51,1
208,-0.67,-1.12,-0.08,0.09,1.42,1.26,3.17,2.47,3.02,2.43,-0.06,-0.31,1.13,0.89,3.3,1.61,0.29,1.29,2.66,3.6,2.98,0.62,0.91,1.89,1.95,0
260,-0.08,-0.52,0.13,-0.12,-0.49,-0.14,0.09,0.65,-0.65,-0.03,-0.72,-1.02,-0.15,0.1,0.41,0.82,0.11,-0.28,0.68,0.42,0.68,-0.02,0.14,0.12,-0.15,0
396,0.29,0.75,-0.06,0.04,-0.83,-1.21,-1.73,-2.37,-0.51,-2.91,-0.04,-0.15,-1.05,-1.52,-2.88,-3.32,0.01,-0.26,-0.8,-1.26,-2.21,-0.18,-0.52,-1.09,-0.52,0
185,-0.18,0.07,-0.72,0.66,-0.01,1.67,2.17,4.41,6.76,8.84,0.2,0.9,0.71,1.68,3.49,4.35,-0.5,1.34,3.56,4.09,6.07,-0.81,0.62,2.53,1.15,1
54,-1.46,-1.52,-0.32,0.26,0.54,1.55,1.1,2.21,3.13,4.6,1.2,1.65,1.98,3.03,3.01,4.14,-0.24,0.63,0.41,0.57,1.98,0.02,0.88,1.13,0.18,1
390,0.55,0.72,-0.09,0.04,-0.34,-0.14,-0.88,-0.07,-3.02,-1.56,-0.1,-0.02,0.06,0.28,-1.53,0.18,0.02,-0.59,-0.26,-1.33,-0.52,-0.06,-0.17,-0.21,-0.39,1
259,-0.2,-0.64,0.14,-0.13,-0.44,-0.18,0.17,0.61,-0.7,-0.2,-0.78,-1.03,-0.2,0.01,0.48,0.76,0.08,-0.25,0.69,0.49,0.61,-0.01,0.12,0.12,-0.06,0
489,0.89,0.94,-0.04,0.04,-0.36,0.01,-0.34,0.25,-2.13,-1.1,0.06,0.09,0.11,0.12,-0.35,0.5,-0.15,-0.47,0.0,-0.67,0.04,-0.33,-0.27,0.17,-0.26,0
169,0.35,0.11,0.09,-0.08,-0.48,-0.34,-0.68,-0.98,-0.45,-0.88,-0.27,0.18,-0.03,0.09,-0.01,-0.21,-0.05,-0.98,-1.6,-1.29,-1.64,-0.34,-0.39,-1.06,-1.04,1
438,0.68,0.88,-0.05,0.0,-0.36,-0.18,-0.61,-0.62,-2.7,-2.42,-0.07,-0.16,-0.07,-0.02,-0.47,-0.15,-0.25,-0.73,-1.09,-1.41,-1.33,-0.39,-0.28,-0.4,-0.52,0
3,0.17,-0.44,0.17,-0.14,0.28,-0.07,-0.15,-0.23,-1.08,-0.2,0.8,0.08,0.66,0.24,0.07,0.42,0.06,0.0,-0.42,-0.73,-0.47,0.06,-0.19,-0.2,-0.01,0
376,0.89,0.92,0.11,-0.08,-0.7,-0.84,-1.48,-1.23,2.53,0.47,0.6,0.28,-0.05,-0.42,-1.32,-1.46,0.0,-0.48,-0.57,-1.04,-0.68,-0.25,-0.66,-0.91,-0.89,0
504,0.89,1.01,-0.02,0.02,-0.63,-0.45,-1.05,-0.77,-2.26,-1.75,0.26,0.07,-0.2,-0.02,-0.78,-0.2,-0.29,-1.11,-1.06,-1.5,-1.26,-0.54,-0.67,-0.86,-0.9,0
189,-0.63,-0.92,-0.12,0.13,0.43,0.79,1.26,1.82,2.72,2.92,-0.66,-0.48,-0.21,0.1,1.71,0.9,0.42,1.0,1.25,1.95,2.3,0.58,0.82,1.29,0.79,0
181,-0.86,-0.4,-0.25,0.26,0.06,1.36,1.04,3.13,4.97,6.88,-0.76,-0.11,-0.94,0.91,1.21,2.49,0.35,1.37,2.61,3.07,4.48,0.38,0.83,1.98,1.03,0
422,-0.03,-0.24,-0.11,0.14,-0.39,0.13,-0.73,-0.05,-1.69,-0.73,0.7,0.8,0.6,1.28,-0.51,0.39,-0.17,-0.83,-0.64,-0.91,-0.45,-0.24,0.02,-0.25,-0.85,1
270,0.75,1.92,-0.19,0.15,-1.79,-1.83,-2.64,-2.96,-2.24,-2.6,0.26,0.09,-0.82,-2.06,-2.97,-3.22,-0.37,-2.3,-2.6,-3.13,-2.84,-1.06,-1.31,-2.46,-2.44,1
203,-1.11,-0.84,0.05,-0.02,1.15,1.0,2.13,1.81,1.12,1.09,-0.82,-0.28,0.16,0.22,1.77,0.49,0.52,1.28,1.83,2.31,2.06,0.88,0.84,1.62,1.62,0
148,0.07,0.0,0.21,-0.23,0.57,0.09,1.58,0.86,1.55,1.21,-0.1,-0.48,1.36,0.77,2.68,2.0,-0.04,-0.15,0.34,1.28,0.52,0.02,-0.33,0.09,0.4,1
227,-0.51,-0.73,0.04,-0.02,0.1,0.08,-0.75,-0.67,-1.88,-1.73,0.02,-0.62,-0.1,-0.77,-1.42,-1.4,0.08,0.66,-0.42,-1.27,-0.97,0.07,-0.06,0.13,0.12,1
349,0.72,0.57,0.23,-0.26,-0.72,-1.31,-2.26,-3.23,-1.32,-4.42,0.24,-0.61,-0.43,-1.31,-2.43,-3.1,-0.17,-0.87,-2.73,-3.03,-3.84,-0.28,-0.71,-2.07,-1.66,0
330,0.42,0.54,0.03,-0.03,-0.65,-0.8,-2.27,-2.12,-3.63,-2.96,-0.16,0.07,-0.82,-0.62,-2.72,-1.61,-0.08,-0.61,-2.33,-3.18,-2.74,-0.15,-0.25,-1.56,-1.37,0
298,1.4,2.7,-0.13,0.2,-1.23,-1.01,-1.34,-1.16,0.82,-0.56,-0.48,-0.1,-2.03,-2.0,-3.09,-3.1,-0.2,-0.83,0.53,0.04,-0.14,-0.77,-1.04,-0.5,-0.44,1
418,-0.76,-0.32,0.1,-0.09,-0.4,0.22,-0.97,0.44,-2.19,-0.65,0.32,0.06,0.1,1.04,-1.16,1.2,-0.24,-0.66,-0.21,-1.01,-0.08,-0.2,-0.22,0.07,-0.62,1
216,-0.57,-0.39,-0.18,0.18,0.96,0.83,2.53,1.57,3.01,1.58,0.62,0.57,1.55,1.37,3.37,1.8,-0.08,0.39,1.37,2.38,1.59,0.2,0.41,0.95,0.95,0
439,0.65,0.71,-0.11,0.09,-0.4,-0.14,-0.56,-0.51,-2.67,-2.3,-0.09,-0.25,-0.12,-0.02,-0.46,-0.1,-0.26,-0.73,-0.93,-1.28,-1.19,-0.43,-0.26,-0.31,-0.47,0
161,-0.17,-0.24,-0.09,0.02,-0.61,-0.01,-0.74,-0.27,-1.23,-0.83,-0.53,-0.53,0.13,0.68,-0.53,0.62,-0.09,-0.81,-0.93,-0.9,-0.82,-0.54,-0.42,-0.58,-0.92,1
156,0.33,-0.04,0.06,-0.1,0.35,0.47,0.98,0.8,0.02,0.34,-0.09,-0.22,0.95,1.29,1.42,1.56,0.09,-0.24,0.59,0.89,0.57,-0.19,-0.15,0.48,0.34,1
219,-0.36,-0.4,-0.24,0.24,0.91,0.91,2.65,1.6,2.9,1.57,0.6,0.7,1.53,1.48,3.36,1.75,-0.1,0.35,1.62,2.63,1.7,0.12,0.38,0.98,1.01,0
394,0.51,0.28,0.1,-0.12,-1.09,-1.66,-2.77,-3.49,-2.66,-5.21,0.04,-0.19,-1.26,-1.92,-3.9,-4.09,0.1,-0.35,-1.98,-2.81,-3.81,-0.09,-0.62,-1.79,-1.09,0
400,-0.34,-0.22,-0.14,0.14,0.86,0.78,1.06,1.14,2.43,0.97,-0.44,0.34,-0.44,-0.16,-0.46,-0.88,0.28,1.87,2.69,2.36,1.91,0.48,0.39,1.88,2.1,0
71,-0.64,-0.67,0.0,0.03,0.64,0.81,0.96,1.18,3.36,2.6,-0.12,1.03,-1.28,-0.24,-1.14,-1.65,0.36,1.88,2.93,3.36,2.65,0.59,0.71,1.77,2.05,1
296,0.27,0.33,-0.02,0.04,-0.69,-0.59,-1.14,-0.92,-1.66,-1.28,0.15,-0.24,0.2,-0.08,-0.78,-0.25,-0.08,-0.79,-1.54,-1.8,-1.42,-0.43,-0.2,-1.05,-1.28,0
282,1.16,1.17,0.27,-0.22,-0.92,-2.11,-2.3,-3.57,-1.0,-3.63,0.12,-0.91,-0.8,-2.6,-3.17,-4.55,-0.46,-1.7,-1.83,-2.4,-3.14,-0.73,-1.57,-2.37,-1.55,1
302,1.26,2.8,-0.45,0.51,-0.89,-0.28,-0.7,-0.6,-1.42,-2.09,-0.98,-0.29,-1.89,-1.52,-2.4,-2.26,-0.22,-0.12,0.59,0.24,-0.18,-0.68,-0.37,0.0,-0.04,1
400,-0.34,-0.22,-0.14,0.14,0.86,0.78,1.06,1.14,2.43,0.97,-0.44,0.34,-0.44,-0.16,-0.46,-0.88,0.28,1.87,2.69,2.36,1.91,0.48,0.39,1.88,2.1,0
504,0.89,1.01,-0.02,0.02,-0.63,-0.45,-1.05,-0.77,-2.26,-1.75,0.26,0.07,-0.2,-0.02,-0.78,-0.2,-0.29,-1.11,-1.06,-1.5,-1.26,-0.54,-0.67,-0.86,-0.9,0
495,0.6,0.67,0.06,-0.05,-0.2,-0.51,-0.43,-0.3,-1.87,-0.61,0.09,-0.51,0.18,-0.09,-0.31,0.5,-0.24,-0.6,-0.66,-1.14,-0.61,-0.2,-0.59,-0.43,-0.32,0
457,0.23,0.41,-0.26,0.29,-0.4,0.1,-0.89,-0.15,0.09,0.37,-0.42,0.18,-0.43,0.22,-0.62,0.5,-0.19,-0.49,-1.09,-1.03,-0.27,-0.42,-0.23,-0.49,-0.88,0
474,0.81,0.83,0.14,-0.13,-0.26,-0.57,-0.48,-0.7,-0.8,-0.54,1.0,0.19,0.96,0.42,-0.09,0.68,-0.25,-1.36,-1.3,-1.22,-0.91,-0.41,-0.66,-1.16,-1.08,0
476,0.88,0.96,0.2,-0.21,-0.59,-0.95,-1.18,-1.13,-1.3,-0.51,0.8,0.07,0.67,0.19,-0.62,0.54,-0.34,-1.78,-2.25,-2.14,-1.44,-0.52,-0.89,-1.74,-1.74,0
452,-0.19,-0.07,0.47,-0.54,-0.17,-0.89,-0.93,-0.67,-1.36,-0.79,1.27,1.2,0.9,0.48,-0.15,0.57,-0.51,-1.76,-1.65,-1.5,-1.1,-0.15,-1.07,-1.3,-1.45,1
350,0.5,0.45,0.18,-0.2,-0.58,-1.11,-2.05,-3.02,-0.27,-3.65,0.23,-0.56,-0.29,-1.17,-2.18,-2.94,-0.15,-0.68,-2.45,-2.7,-3.46,-0.2,-0.55,-1.86,-1.46,0
10,-1.28,-2.25,0.28,-0.27,2.27,1.57,3.11,2.86,2.45,2.87,1.36,0.65,2.41,1.35,3.24,2.67,0.36,2.37,2.78,2.87,2.89,1.17,1.36,2.6,2.79,1
376,0.89,0.92,0.11,-0.08,-0.7,-0.84,-1.48,-1.23,2.53,0.47,0.6,0.28,-0.05,-0.42,-1.32,-1.46,0.0,-0.48,-0.57,-1.04,-0.68,-0.25,-0.66,-0.91,-0.89,0
285,1.8,2.32,0.02,-0.01,-1.36,-2.52,-3.11,-4.81,-4.75,-7.76,-0.28,-0.43,-1.69,-3.39,-4.7,-6.08,-0.34,-1.98,-2.67,-3.58,-5.18,-0.74,-1.66,-2.93,-1.71,1
5,-0.96,-2.04,0.29,-0.34,0.73,0.68,0.62,1.28,0.11,1.13,1.13,0.33,1.16,1.23,0.91,1.62,-0.14,0.44,0.61,0.3,1.09,0.28,0.3,0.87,0.59,1
29,-0.27,-0.51,0.02,-0.05,0.36,0.05,0.43,-0.01,0.6,0.93,0.82,0.45,0.88,0.54,1.28,0.95,0.0,0.05,-0.52,-0.11,-0.05,0.17,0.03,-0.23,-0.02,0
408,-0.2,0.48,0.04,-0.02,-0.15,-0.27,0.19,-0.21,-1.62,-1.85,0.04,0.29,0.55,0.59,0.47,0.49,-0.03,-0.49,-0.46,-0.52,-0.82,-0.04,-0.22,-0.3,-0.1,1
181,-0.86,-0.4,-0.25,0.26,0.06,1.36,1.04,3.13,4.97,6.88,-0.76,-0.11,-0.94,0.91,1.21,2.49,0.35,1.37,2.61,3.07,4.48,0.38,0.83,1.98,1.03,0
74,-0.87,-1.12,-0.03,0.06,1.05,1.54,1.81,2.82,5.2,6.99,-0.08,0.11,-0.84,0.06,0.19,0.55,0.47,2.76,3.79,4.33,4.89,0.95,1.37,2.89,2.7,1
430,-0.17,0.18,-0.03,0.0,0.63,0.95,0.32,0.78,0.18,0.51,-0.34,-0.15,-0.36,-0.05,-0.55,-0.06,0.15,1.26,1.41,1.07,1.18,0.3,0.57,1.12,1.11,0
331,0.52,0.6,0.09,-0.08,-0.7,-0.92,-2.23,-2.17,-3.37,-2.79,-0.15,-0.02,-0.8,-0.69,-2.6,-1.61,-0.1,-0.75,-2.37,-3.11,-2.72,-0.2,-0.36,-1.71,-1.46,0
491,0.95,1.11,-0.04,0.03,-0.2,0.0,-0.11,0.23,-1.51,-0.68,0.15,0.08,0.37,0.15,0.03,0.46,-0.13,-0.37,0.03,-0.46,0.1,-0.25,-0.23,0.14,-0.11,0
504,0.89,1.01,-0.02,0.02,-0.63,-0.45,-1.05,-0.77,-2.26,-1.75,0.26,0.07,-0.2,-0.02,-0.78,-0.2,-0.29,-1.11,-1.06,-1.5,-1.26,-0.54,-0.67,-0.86,-0.9,0
300,1.25,2.58,-0.21,0.3,-0.85,-0.49,-0.62,-0.4,0.61,-0.39,-0.74,-0.34,-1.93,-1.65,-2.37,-2.4,-0.17,-0.16,1.14,0.84,0.59,-0.63,-0.61,0.1,0.09,1
269,0.75,1.97,-0.27,0.22,-1.83,-1.87,-3.02,-3.43,-4.64,-4.51,0.11,0.06,-1.04,-2.19,-3.51,-3.54,-0.24,-2.21,-3.26,-3.95,-3.85,-0.87,-1.09,-2.72,-2.58,1
274,0.1,0.37,0.05,-0.08,-0.41,0.0,-0.02,0.9,-0.19,0.96,-0.32,-0.01,0.17,0.53,0.28,1.21,0.12,-0.25,0.82,0.37,1.02,-0.13,0.11,0.26,-0.23,0
22,-1.99,-2.06,-0.16,0.11,1.67,1.62,2.56,2.55,2.08,2.84,0.66,0.31,1.95,1.91,2.69,2.44,0.14,1.82,2.58,2.54,2.7,0.75,1.45,2.33,2.26,1
26,-0.96,-1.4,-0.15,0.04,1.31,1.36,1.88,2.21,0.31,1.39,0.72,0.97,1.53,1.85,2.01,2.57,-0.02,1.41,1.9,1.55,1.97,0.5,0.94,1.91,1.72,1
286,1.84,2.72,-0.08,0.08,-1.58,-2.41,-3.11,-4.52,-4.43,-7.22,-0.34,-0.14,-1.92,-3.32,-4.82,-5.89,-0.31,-2.04,-2.45,-3.38,-4.81,-0.84,-1.66,-2.74,-1.71,1
3,0.17,-0.44,0.17,-0.14,0.28,-0.07,-0.15,-0.23,-1.08,-0.2,0.8,0.08,0.66,0.24,0.07,0.42,0.06,0.0,-0.42,-0.73,-0.47,0.06,-0.19,-0.2,-0.01,0
69,0.37,-0.53,0.75,-0.71,0.59,-1.4,1.26,-1.72,4.01,-0.1,1.56,-0.05,1.19,-1.27,2.73,-1.8,0.03,-0.94,-0.42,1.24,-1.43,0.34,-0.87,-1.43,-0.05,0
185,-0.18,0.07,-0.72,0.66,-0.01,1.67,2.17,4.41,6.76,8.84,0.2,0.9,0.71,1.68,3.49,4.35,-0.5,1.34,3.56,4.09,6.07,-0.81,0.62,2.53,1.15,1
141,-0.93,-1.26,0.35,-0.31,0.23,-0.51,0.73,-0.83,-0.17,-1.46,-0.96,-0.89,0.17,-0.48,1.45,-0.44,0.26,0.2,-0.32,0.44,-0.99,0.46,-0.08,-0.66,0.25,1
188,-0.6,-0.64,-0.18,0.19,0.25,0.93,1.18,2.15,3.42,3.93,-0.7,-0.25,-0.33,0.4,1.71,1.41,0.41,0.98,1.51,2.18,2.86,0.48,0.81,1.39,0.71,0
102,-1.92,-2.1,-0.17,0.17,1.46,2.64,1.69,3.56,3.43,6.14,-1.15,-0.33,-2.01,0.06,-0.82,1.1,0.76,4.33,4.82,4.25,4.83,1.36,2.23,4.19,4.01,0
208,-0.67,-1.12,-0.08,0.09,1.42,1.26,3.17,2.47,3.02,2.43,-0.06,-0.31,1.13,0.89,3.3,1.61,0.29,1.29,2.66,3.6,2.98,0.62,0.91,1.89,1.95,0
316,-0.22,-0.03,0.07,-0.1,-0.57,-0.55,-1.61,-1.39,-2.32,-2.12,0.0,-0.29,-0.21,-0.52,-1.74,-1.09,-0.28,-0.46,-1.62,-2.28,-1.86,-0.32,-0.2,-1.0,-1.13,0
499,1.03,0.95,0.09,-0.14,-0.24,-0.52,-0.84,-0.77,-3.02,-1.79,0.24,-0.22,0.18,-0.07,-0.85,0.12,-0.16,-0.69,-1.34,-1.95,-1.45,-0.18,-0.48,-0.68,-0.53,0
492,0.84,1.08,-0.02,0.02,-0.17,-0.09,-0.09,0.12,-1.33,-0.56,0.12,-0.02,0.38,0.11,0.11,0.45,-0.15,-0.4,-0.08,-0.5,-0.01,-0.23,-0.29,0.03,-0.13,0
510,0.47,0.5,0.0,0.02,-0.57,-0.38,-1.12,-0.74,-1.9,-1.24,-0.04,0.04,-0.17,-0.04,-0.54,-0.03,-0.06,-0.96,-1.42,-1.74,-1.26,-0.23,-0.26,-0.92,-1.1,0
185,-0.18,0.07,-0.72,0.66,-0.01,1.67,2.17,4.41,6.76,8.84,0.2,0.9,0.71,1.68,3.49,4.35,-0.5,1.34,3.56,4.09,6.07,-0.81,0.62,2.53,1.15,1
474,0.81,0.83,0.14,-0.13,-0.26,-0.57,-0.48,-0.7,-0.8,-0.54,1.0,0.19,0.96,0.42,-0.09,0.68,-0.25,-1.36,-1.3,-1.22,-0.91,-0.41,-0.66,-1.16,-1.08,0
217,-0.47,-0.46,-0.19,0.2,0.94,0.85,2.51,1.54,2.89,1.48,0.63,0.54,1.52,1.41,3.31,1.77,-0.06,0.39,1.38,2.37,1.54,0.21,0.43,0.93,0.94,0
341,0.48,0.51,0.14,-0.12,-0.69,-0.97,-1.94,-2.04,-2.51,-2.19,-0.12,-0.24,-0.62,-0.87,-2.1,-1.57,-0.09,-0.79,-2.17,-2.66,-2.37,-0.24,-0.48,-1.71,-1.43,0
252,-0.29,-0.02,-0.18,0.15,0.06,0.09,1.06,0.86,0.28,0.44,-0.46,-0.09,0.46,0.54,1.42,1.35,-0.01,-0.02,0.89,1.12,0.79,-0.09,0.33,0.35,0.4,0
113,-0.31,-1.04,-0.15,0.16,0.77,1.04,1.73,1.9,1.49,2.18,-0.55,-1.34,0.39,-0.17,2.31,0.63,0.22,1.12,1.47,1.89,2.26,0.24,1.02,1.56,1.12,1
451,-0.01,0.05,0.41,-0.48,-0.2,-0.95,-0.97,-0.82,-1.52,-1.02,1.35,1.13,1.01,0.48,-0.07,0.37,-0.46,-1.82,-1.82,-1.67,-1.3,-0.13,-1.05,-1.42,-1.56,1
2,0.45,-0.22,0.16,-0.11,0.23,-0.04,-0.21,-0.14,-1.01,-0.11,0.8,0.03,0.55,0.22,0.0,0.42,0.11,-0.03,-0.37,-0.72,-0.39,0.11,-0.14,-0.15,-0.03,0
320,1.24,2.54,0.04,0.06,-0.73,-0.46,-0.81,-0.18,0.62,0.97,-0.48,-0.21,-1.11,-1.08,-1.16,-0.69,-0.22,-0.95,0.14,0.06,0.65,-0.65,-0.69,-0.58,-0.9,1
413,0.37,0.32,-0.32,0.23,0.01,0.56,0.37,1.0,-0.77,0.36,0.26,1.31,0.32,1.44,0.37,1.45,-0.05,0.09,0.7,0.33,0.7,-0.11,0.32,0.75,0.38,1
12,-1.81,-2.03,0.13,-0.09,2.04,1.55,2.99,2.78,2.64,3.27,1.04,0.78,2.24,1.51,3.05,2.67,0.27,2.13,2.78,2.96,2.93,1.06,1.45,2.53,2.59,1
474,0.81,0.83,0.14,-0.13,-0.26,-0.57,-0.48,-0.7,-0.8,-0.54,1.0,0.19,0.96,0.42,-0.09,0.68,-0.25,-1.36,-1.3,-1.22,-0.91,-0.41,-0.66,-1.16,-1.08,0
138,-0.66,-0.78,0.26,-0.23,0.28,-0.4,0.83,-0.57,-0.63,-2.54,-0.89,-1.08,-0.19,-0.5,1.02,-1.11,0.26,0.55,0.37,0.79,-0.86,0.53,0.16,-0.13,0.67,1
312,0.35,0.5,0.12,-0.14,-0.51,-0.7,-1.44,-1.19,-2.58,-2.08,0.01,0.33,-0.23,-0.42,-1.51,-0.81,-0.1,-0.61,-1.59,-2.11,-1.74,-0.23,-0.28,-1.04,-1.11,0
160,-0.14,-0.19,-0.11,0.03,-0.41,0.19,-0.31,0.12,-0.77,-0.35,-0.54,-0.52,0.33,0.81,-0.06,0.95,-0.06,-0.69,-0.45,-0.38,-0.33,-0.52,-0.34,-0.24,-0.61,1
385,0.66,0.68,-0.15,0.15,-0.95,-0.66,-1.37,-1.2,-3.15,-2.7,-0.44,0.13,-0.57,-0.43,-1.22,-0.6,0.04,-1.04,-1.63,-2.19,-1.88,-0.19,-0.12,-1.07,-1.36,1
477,1.06,1.01,0.2,-0.2,-0.77,-1.13,-1.46,-1.4,-1.65,-0.71,0.72,-0.01,0.53,0.09,-0.82,0.39,-0.39,-2.0,-2.73,-2.55,-1.79,-0.61,-1.0,-2.03,-2.05,0
357,0.98,1.26,0.18,-0.13,-0.71,-0.72,-1.26,-1.0,-2.45,-1.63,-0.68,-0.56,-1.21,-1.07,-1.79,-0.48,-0.11,-1.12,-0.89,-1.48,-1.15,-0.23,-0.51,-0.82,-0.81,1
111,-0.51,-0.42,-0.38,0.36,0.38,1.23,1.66,2.54,2.78,3.88,-0.4,-0.23,0.34,0.4,2.48,1.46,0.02,1.05,1.86,2.29,3.21,-0.11,0.83,1.81,0.9,1
249,-0.51,-0.09,-0.25,0.25,0.09,0.24,1.18,1.1,0.64,0.89,-0.25,0.52,0.66,1.03,1.68,1.72,-0.18,-0.11,0.97,1.19,1.05,-0.2,0.13,0.46,0.41,0
423,0.11,-0.24,-0.08,0.08,-0.35,-0.06,-0.72,-0.23,-1.64,-0.75,0.92,0.83,0.8,1.18,-0.25,0.24,-0.17,-0.98,-0.93,-1.12,-0.65,-0.19,-0.09,-0.48,-1.0,1
91,-1.81,-1.96,-0.29,0.27,0.97,1.58,1.18,1.49,3.01,2.86,-1.35,-0.05,-2.33,-0.9,-1.44,-1.97,0.49,2.95,3.48,3.57,2.84,0.85,1.42,2.73,3.01,0
77,0.52,-0.63,0.81,-0.79,1.24,-1.17,0.61,-2.65,1.51,-3.62,0.99,-0.46,0.22,-2.67,0.19,-5.23,0.59,0.98,0.25,0.98,-2.27,1.18,0.01,-0.63,1.17,0
424,-0.47,-0.54,-0.12,0.14,0.94,0.95,0.85,0.93,-0.2,-1.25,-0.74,0.21,-0.74,-0.35,-1.04,-1.11,0.47,2.25,2.39,1.83,1.19,0.74,0.7,1.97,2.22,0
46,0.08,-1.15,0.84,-0.89,1.52,-0.77,1.43,-1.68,2.87,-1.84,1.44,-0.15,0.89,-1.56,1.33,-3.94,0.46,1.61,1.13,1.91,-0.91,1.08,0.14,0.09,1.85,1
101,-0.12,-0.27,-0.62,0.59,0.26,1.77,2.48,4.55,7.14,9.34,0.21,0.19,0.75,1.52,3.63,4.31,-0.39,1.75,3.95,4.57,6.37,-0.55,0.81,2.79,1.62,1
378,0.66,0.08,0.2,-0.19,-0.55,-1.01,-2.01,-2.13,0.48,-1.96,0.39,0.24,-0.49,-1.03,-2.46,-2.6,0.14,0.12,-0.99,-1.81,-1.95,0.04,-0.51,-1.01,-0.62,0
425,-0.48,-0.44,-0.11,0.14,0.79,0.85,0.5,0.5,-1.51,-2.38,-0.82,0.06,-0.9,-0.56,-1.46,-1.37,0.49,2.11,1.9,1.26,0.52,0.74,0.75,1.67,1.96,0
384,0.82,0.74,-0.08,0.09,-0.98,-0.8,-1.34,-1.46,-2.93,-2.81,-0.44,-0.06,-0.55,-0.56,-0.97,-0.64,-0.01,-1.19,-1.96,-2.29,-2.19,-0.21,-0.22,-1.29,-1.52,1
79,-0.09,-1.11,0.66,-0.64,1.46,-0.86,0.06,-2.67,-0.5,-5.28,0.09,-0.95,-1.15,-3.51,-2.24,-7.29,0.89,2.46,1.24,1.17,-2.05,1.66,0.75,0.33,2.16,0
90,-1.0,-1.27,0.39,-0.43,1.77,1.35,2.65,3.3,5.57,8.34,0.78,0.72,0.32,0.27,1.76,2.12,0.39,2.85,4.13,4.93,5.36,1.07,1.01,2.76,3.1,1
342,0.41,0.38,0.14,-0.12,-0.64,-0.95,-1.8,-1.99,-2.35,-2.18,-0.11,-0.31,-0.54,-1.0,-1.93,-1.63,-0.06,-0.72,-2.07,-2.5,-2.29,-0.22,-0.5,-1.63,-1.36,0
304,1.41,3.01,-0.57,0.62,-1.07,-0.25,-1.23,-0.96,-2.89,-2.89,-0.93,-0.12,-1.81,-1.33,-2.77,-1.99,-0.31,-0.49,-0.23,-0.76,-0.98,-0.82,-0.36,-0.31,-0.52,1
245,-0.18,0.34,-0.13,0.15,0.45,0.75,1.68,1.54,1.46,1.28,0.05,0.5,1.05,1.29,2.25,1.99,-0.08,0.18,1.53,1.74,1.59,0.05,0.3,0.97,0.72,0
216,-0.57,-0.39,-0.18,0.18,0.96,0.83,2.53,1.57,3.01,1.58,0.62,0.57,1.55,1.37,3.37,1.8,-0.08,0.39,1.37,2.38,1.59,0.2,0.41,0.95,0.95,0
453,-0.41,-0.39,0.47,-0.52,-0.09,-0.65,-0.77,-0.35,-1.11,-0.39,1.17,1.16,0.81,0.6,-0.15,0.81,-0.52,-1.47,-1.27,-1.19,-0.7,-0.14,-0.91,-0.95,-1.17,1
157,0.3,0.07,-0.02,-0.03,0.22,0.51,0.83,0.86,0.09,0.5,-0.2,-0.27,0.87,1.26,1.23,1.64,0.08,-0.34,0.58,0.82,0.64,-0.28,-0.16,0.47,0.23,1
300,1.25,2.58,-0.21,0.3,-0.85,-0.49,-0.62,-0.4,0.61,-0.39,-0.74,-0.34,-1.93,-1.65,-2.37,-2.4,-0.17,-0.16,1.14,0.84,0.59,-0.63,-0.61,0.1,0.09,1
190,-0.68,-1.09,-0.05,0.05,0.6,0.68,1.34,1.53,2.05,2.01,-0.64,-0.71,-0.12,-0.14,1.66,0.43,0.45,1.02,1.05,1.76,1.82,0.68,0.81,1.21,0.88,0
483,0.7,1.33,-0.25,0.23,-1.25,-0.9,-1.49,-1.84,-2.55,-2.92,0.02,0.47,-0.16,-0.08,-0.65,-0.27,-0.49,-2.2,-2.88,-2.66,-2.66,-0.9,-0.92,-1.99,-2.28,0
454,-0.64,-0.89,0.42,-0.47,0.08,-0.27,-0.45,0.13,-0.78,0.12,1.1,0.96,0.8,0.8,0.01,1.07,-0.45,-0.97,-0.72,-0.77,-0.15,-0.07,-0.58,-0.43,-0.71,1
140,-0.95,-1.17,0.34,-0.29,0.21,-0.67,0.67,-1.01,-0.55,-2.12,-1.06,-1.21,-0.01,-0.73,1.22,-0.89,0.27,0.27,-0.29,0.4,-1.23,0.5,-0.03,-0.69,0.32,1
274,0.1,0.37,0.05,-0.08,-0.41,0.0,-0.02,0.9,-0.19,0.96,-0.32,-0.01,0.17,0.53,0.28,1.21,0.12,-0.25,0.82,0.37,1.02,-0.13,0.11,0.26,-0.23,0
210,-0.51,-0.51,-0.08,0.07,1.34,1.13,3.31,2.34,3.91,2.92,0.35,-0.04,1.59,1.1,3.86,1.82,0.1,0.89,2.46,3.73,2.9,0.39,0.66,1.63,1.7,0
388,0.23,0.63,-0.23,0.19,-0.62,-0.17,-1.15,-0.44,-3.43,-2.39,-0.42,0.23,-0.32,-0.01,-1.66,-0.38,0.11,-0.57,-0.58,-1.65,-0.98,-0.08,0.01,-0.38,-0.67,1
152,-0.38,-0.82,0.25,-0.3,0.42,-0.22,1.04,-0.11,-0.15,-0.55,-0.28,-0.39,1.05,0.43,1.77,0.86,-0.06,-0.19,-0.27,0.47,-0.5,-0.14,-0.42,-0.31,0.12,1
228,-0.46,-0.67,0.07,-0.04,0.07,0.07,-0.97,-0.79,-2.45,-2.31,0.05,-0.53,-0.18,-0.87,-1.74,-1.67,0.12,0.69,-0.5,-1.46,-1.2,0.06,0.0,0.14,0.07,1
206,-0.98,-1.27,-0.08,0.11,1.37,1.28,2.82,2.42,2.05,1.86,-0.52,-0.19,0.62,0.69,2.58,1.31,0.42,1.48,2.59,3.19,2.84,0.78,1.0,1.98,2.0,0
473,0.89,0.71,0.12,-0.09,-0.12,-0.41,-0.16,-0.53,-0.72,-0.68,1.06,0.15,1.05,0.5,0.14,0.69,-0.23,-1.18,-0.87,-0.79,-0.72,-0.37,-0.57,-0.88,-0.78,0
182,-0.72,-0.16,-0.25,0.26,-0.01,1.29,1.01,2.96,4.82,6.43,-0.76,-0.04,-0.78,0.95,1.38,2.42,0.36,1.15,2.33,2.86,4.22,0.35,0.78,1.78,0.8,0
99,-0.27,-0.91,-0.23,0.24,0.99,1.84,3.05,4.41,7.27,9.6,0.32,-0.7,0.75,1.01,3.56,3.59,-0.03,2.59,4.5,5.35,6.46,0.17,1.14,3.18,2.64,1
163,0.07,0.01,-0.02,-0.01,-0.8,-0.4,-1.25,-0.83,-1.61,-1.3,-0.36,-0.25,-0.11,0.52,-1.02,0.24,-0.12,-1.07,-1.63,-1.55,-1.45,-0.5,-0.53,-1.13,-1.33,1
54,-1.46,-1.52,-0.32,0.26,0.54,1.55,1.1,2.21,3.13,4.6,1.2,1.65,1.98,3.03,3.01,4.14,-0.24,0.63,0.41,0.57,1.98,0.02,0.88,1.13,0.18,1
51,-1.06,-1.27,-0.17,0.09,0.79,1.23,1.06,1.83,-0.08,1.46,0.83,1.37,1.36,2.08,1.55,2.9,-0.15,0.93,0.89,0.48,1.3,0.31,0.79,1.35,0.84,1
150,-0.34,-0.49,0.23,-0.26,0.46,-0.28,1.28,0.12,0.62,0.09,-0.33,-0.57,1.21,0.28,2.22,1.27,-0.11,-0.25,-0.2,0.73,-0.28,-0.13,-0.47,-0.36,0.14,1
143,-0.5,-0.98,0.31,-0.3,0.39,0.12,1.09,0.18,0.96,0.33,-0.46,-0.11,0.67,0.5,2.09,0.88,0.23,0.18,0.14,0.93,0.06,0.38,-0.1,-0.09,0.36,1
218,-0.4,-0.45,-0.22,0.22,0.92,0.88,2.56,1.55,2.88,1.51,0.62,0.58,1.51,1.45,3.32,1.75,-0.07,0.38,1.48,2.47,1.59,0.18,0.42,0.95,0.96,0
408,-0.2,0.48,0.04,-0.02,-0.15,-0.27,0.19,-0.21,-1.62,-1.85,0.04,0.29,0.55,0.59,0.47,0.49,-0.03,-0.49,-0.46,-0.52,-0.82,-0.04,-0.22,-0.3,-0.1,1
195,-0.59,-0.3,-0.33,0.3,-0.33,0.03,-1.61,-1.51,-3.17,-3.38,-1.07,-0.3,-1.34,-0.48,-2.15,-1.63,0.12,0.17,-1.43,-2.09,-2.28,0.22,0.35,-0.61,-0.42,1
353,1.38,1.52,-0.05,-0.02,-0.84,-0.79,-1.33,-1.44,-1.96,-2.3,-0.96,-1.12,-1.74,-1.53,-2.22,-1.57,0.04,-1.0,-1.02,-1.25,-1.43,-0.15,-0.27,-1.0,-0.89,1
34,-1.42,-1.58,-0.34,0.29,0.69,1.76,1.76,2.86,5.27,6.57,1.34,1.76,2.34,3.32,4.17,4.84,-0.23,0.71,0.93,1.51,3.03,-0.05,0.91,1.44,0.39,1
33,-2.09,-2.07,-0.08,0.08,1.74,1.6,2.66,2.61,2.35,3.13,0.73,0.45,2.02,1.81,2.76,2.51,0.17,1.88,2.63,2.68,2.78,0.84,1.49,2.39,2.32,1
169,0.35,0.11,0.09,-0.08,-0.48,-0.34,-0.68,-0.98,-0.45,-0.88,-0.27,0.18,-0.03,0.09,-0.01,-0.21,-0.05,-0.98,-1.6,-1.29,-1.64,-0.34,-0.39,-1.06,-1.04,1
505,0.9,1.03,-0.03,0.03,-0.68,-0.49,-1.2,-1.03,-2.45,-2.09,0.15,0.13,-0.18,-0.08,-0.83,-0.36,-0.24,-1.19,-1.42,-1.82,-1.63,-0.53,-0.62,-1.07,-1.08,0
326,-0.28,-0.01,-0.09,0.08,-0.5,-0.33,-1.73,-1.43,-2.44,-2.09,-0.07,-0.25,-0.36,-0.48,-2.01,-1.22,-0.17,-0.24,-1.6,-2.43,-1.89,-0.17,0.02,-0.87,-1.01,0
279,0.51,0.35,0.08,-0.06,-0.52,-0.33,-0.66,0.17,-0.73,0.29,0.09,-0.13,0.4,0.5,-0.32,0.94,-0.09,-0.91,-0.41,-0.76,0.03,-0.35,-0.41,-0.53,-0.94,0
202,-1.03,-0.82,0.09,-0.07,1.06,0.85,1.9,1.56,0.98,0.88,-0.8,-0.49,0.09,0.01,1.63,0.19,0.52,1.18,1.48,2.02,1.73,0.89,0.79,1.45,1.44,0
129,-1.01,-1.48,0.21,-0.16,0.92,0.5,1.64,0.87,1.3,-0.34,-0.43,-1.53,-0.16,0.09,1.98,0.43,0.42,1.33,1.2,1.79,0.64,0.89,0.71,0.89,1.24,1
258,-0.29,-0.63,0.14,-0.13,-0.34,-0.19,0.32,0.62,-0.61,-0.19,-0.8,-0.92,-0.18,-0.02,0.6,0.77,0.06,-0.18,0.77,0.64,0.63,0.02,0.13,0.17,0.07,0
302,1.26,2.8,-0.45,0.51,-0.89,-0.28,-0.7,-0.6,-1.42,-2.09,-0.98,-0.29,-1.89,-1.52,-2.4,-2.26,-0.22,-0.12,0.59,0.24,-0.18,-0.68,-0.37,0.0,-0.04,1
75,-0.97,-1.34,0.04,-0.03,1.18,1.58,1.86,3.07,5.16,7.65,0.02,-0.07,-0.74,0.0,0.28,1.03,0.49,2.91,3.89,4.36,5.21,1.09,1.44,3.0,2.79,1
125,-0.23,-0.51,-0.09,0.09,1.19,0.85,2.35,1.71,2.34,1.35,0.29,0.34,1.06,1.35,2.93,1.66,0.06,1.09,1.65,2.37,1.74,0.33,0.32,1.17,1.38,1
217,-0.47,-0.46,-0.19,0.2,0.94,0.85,2.51,1.54,2.89,1.48,0.63,0.54,1.52,1.41,3.31,1.77,-0.06,0.39,1.38,2.37,1.54,0.21,0.43,0.93,0.94,0
56,-0.03,-0.07,0.08,-0.09,0.06,-0.15,0.0,-0.43,0.01,0.69,0.62,0.41,0.44,0.32,0.86,0.65,-0.04,-0.23,-1.23,-0.67,-0.56,0.07,-0.12,-0.59,-0.49,0
173,-0.38,-0.06,-0.28,0.32,-0.69,-0.16,-1.37,-1.07,-1.95,-2.15,-0.87,-0.18,-0.72,-0.09,-1.04,-0.74,0.0,-0.69,-1.8,-2.04,-2.01,-0.29,0.08,-0.86,-1.13,1
284,1.65,1.85,0.15,-0.12,-1.11,-2.47,-2.91,-4.68,-4.1,-7.16,-0.17,-0.73,-1.39,-3.26,-4.32,-5.86,-0.38,-1.84,-2.56,-3.39,-4.91,-0.67,-1.63,-2.88,-1.63,1
368,-0.2,-0.5,0.1,-0.11,-0.64,-0.95,-2.18,-2.72,-3.33,-4.82,-0.28,-0.27,-0.59,-1.23,-2.6,-2.64,0.06,-0.36,-2.62,-3.12,-3.63,0.08,-0.34,-1.52,-1.3,0
452,-0.19,-0.07,0.47,-0.54,-0.17,-0.89,-0.93,-0.67,-1.36,-0.79,1.27,1.2,0.9,0.48,-0.15,0.57,-0.51,-1.76,-1.65,-1.5,-1.1,-0.15,-1.07,-1.3,-1.45,1
161,-0.17,-0.24,-0.09,0.02,-0.61,-0.01,-0.74,-0.27,-1.23,-0.83,-0.53,-0.53,0.13,0.68,-0.53,0.62,-0.09,-0.81,-0.93,-0.9,-0.82,-0.54,-0.42,-0.58,-0.92,1
203,-1.11,-0.84,0.05,-0.02,1.15,1.0,2.13,1.81,1.12,1.09,-0.82,-0.28,0.16,0.22,1.77,0.49,0.52,1.28,1.83,2.31,2.06,0.88,0.84,1.62,1.62,0
256,-0.3,-0.28,0.06,-0.07,-0.1,-0.08,0.71,0.75,-0.13,0.17,-0.73,-0.59,0.01,0.07,0.95,0.96,0.08,-0.01,0.99,1.02,0.8,0.06,0.25,0.34,0.34,0
70,0.56,-0.51,0.81,-0.78,0.92,-1.33,0.89,-2.35,2.7,-2.12,1.35,-0.23,0.76,-2.02,1.47,-3.65,0.32,-0.02,-0.22,0.99,-2.06,0.77,-0.45,-1.13,0.51,0
322,1.42,2.59,-0.12,0.2,-1.0,-0.31,-0.94,-0.3,0.46,0.51,-0.52,-0.32,-0.96,-0.68,-1.13,-0.22,-0.23,-1.29,-0.59,-0.54,0.1,-0.74,-0.64,-0.86,-1.3,1
345,0.5,0.17,0.2,-0.22,-0.66,-1.18,-2.05,-2.57,-3.52,-4.21,-0.03,-0.41,-0.62,-1.46,-2.29,-2.46,-0.05,-0.69,-2.49,-2.95,-3.28,-0.2,-0.69,-1.76,-1.46,0
315,-0.08,0.07,0.15,-0.19,-0.58,-0.68,-1.61,-1.42,-2.52,-2.27,0.01,-0.16,-0.21,-0.53,-1.7,-1.05,-0.29,-0.57,-1.7,-2.3,-1.94,-0.36,-0.32,-1.09,-1.19,0
49,-0.94,-1.06,0.01,-0.01,0.02,-0.36,-0.33,-0.73,-1.16,-0.63,0.58,0.23,0.71,0.3,0.36,0.42,-0.23,-0.45,-1.17,-1.15,-1.02,-0.21,-0.33,-0.79,-0.53,0
247,-0.4,0.17,-0.2,0.22,0.25,0.51,1.41,1.38,1.18,1.35,-0.09,0.67,0.85,1.26,1.97,1.96,-0.15,0.01,1.29,1.48,1.43,-0.1,0.17,0.73,0.56,0
448,0.18,-0.19,0.01,-0.04,-0.3,-0.32,-0.77,-0.44,-1.63,-0.86,1.13,0.85,0.97,1.01,-0.06,0.16,-0.2,-1.21,-1.26,-1.36,-0.9,-0.15,-0.31,-0.77,-1.19,1
321,1.28,2.56,-0.03,0.12,-0.88,-0.4,-0.84,-0.21,0.69,0.8,-0.53,-0.28,-1.04,-0.92,-1.09,-0.49,-0.21,-1.11,-0.17,-0.16,0.45,-0.68,-0.66,-0.71,-1.1,1
7,-1.02,-2.64,0.26,-0.31,1.61,1.36,1.96,2.26,1.19,1.91,1.35,0.05,1.86,1.4,2.21,2.16,0.2,1.73,1.84,1.53,2.12,0.77,0.99,1.97,1.92,1
47,-0.57,-0.89,0.12,-0.11,0.14,-0.26,-0.28,-0.59,-1.37,-0.63,0.63,0.16,0.71,0.25,0.13,0.36,-0.13,-0.25,-0.87,-1.04,-0.87,-0.15,-0.33,-0.56,-0.3,0
75,-0.97,-1.34,0.04,-0.03,1.18,1.58,1.86,3.07,5.16,7.65,0.02,-0.07,-0.74,0.0,0.28,1.03,0.49,2.91,3.89,4.36,5.21,1.09,1.44,3.0,2.79,1
316,-0.22,-0.03,0.07,-0.1,-0.57,-0.55,-1.61,-1.39,-2.32,-2.12,0.0,-0.29,-0.21,-0.52,-1.74,-1.09,-0.28,-0.46,-1.62,-2.28,-1.86,-0.32,-0.2,-1.0,-1.13,0
438,0.68,0.88,-0.05,0.0,-0.36,-0.18,-0.61,-0.62,-2.7,-2.42,-0.07,-0.16,-0.07,-0.02,-0.47,-0.15,-0.25,-0.73,-1.09,-1.41,-1.33,-0.39,-0.28,-0.4,-0.52,0
266,0.22,0.64,-0.14,0.13,-1.18,-1.73,-3.55,-4.34,-7.81,-7.87,-0.39,-0.86,-1.41,-2.32,-4.57,-4.39,0.24,-1.05,-4.1,-5.12,-5.6,0.13,-0.25,-2.89,-2.17,1
291,0.86,0.69,0.01,0.03,-0.5,-0.44,-0.88,-0.33,-1.05,-0.03,0.34,0.02,0.63,0.45,-0.49,0.79,-0.1,-1.1,-1.14,-1.36,-0.6,-0.46,-0.52,-0.96,-1.22,0
196,-0.43,-0.23,-0.35,0.31,-0.31,-0.05,-1.71,-1.67,-3.17,-3.44,-0.83,-0.12,-1.18,-0.45,-2.24,-1.72,0.09,0.13,-1.58,-2.28,-2.42,0.18,0.24,-0.76,-0.51,1
332,1.9,2.52,-0.27,0.35,-0.86,-0.18,-1.05,-0.62,-1.06,-0.24,-0.21,-0.08,-0.69,-0.02,-1.31,0.58,-0.39,-1.59,-1.59,-1.49,-0.82,-0.85,-0.62,-1.13,-1.47,1
210,-0.51,-0.51,-0.08,0.07,1.34,1.13,3.31,2.34,3.91,2.92,0.35,-0.04,1.59,1.1,3.86,1.82,0.1,0.89,2.46,3.73,2.9,0.39,0.66,1.63,1.7,0
232,-0.39,-0.25,-0.28,0.28,0.86,0.9,2.74,1.67,2.7,1.47,0.47,0.92,1.53,1.45,3.37,1.72,-0.19,0.31,1.85,2.8,1.82,0.0,0.28,1.06,1.11,0
27,-0.83,-0.96,-0.02,0.01,0.08,-0.28,-0.16,-0.59,-0.69,-0.26,0.65,0.29,0.75,0.37,0.62,0.56,-0.19,-0.37,-1.08,-0.93,-0.82,-0.12,-0.23,-0.7,-0.46,0
35,-1.29,-1.6,-0.33,0.28,0.87,1.94,2.61,3.69,7.58,8.76,1.46,1.85,2.68,3.53,5.43,5.64,-0.23,0.79,1.72,2.78,4.34,-0.1,0.89,1.88,0.75,1
488,0.7,0.84,-0.05,0.04,-0.5,-0.07,-0.52,0.11,-2.4,-1.41,-0.06,0.08,-0.08,0.06,-0.54,0.48,-0.2,-0.64,-0.21,-0.89,-0.19,-0.4,-0.35,0.02,-0.47,0
417,-0.73,-0.37,0.08,-0.1,-0.35,0.25,-0.88,0.63,-2.13,-0.33,0.36,0.0,0.09,1.03,-1.03,1.37,-0.22,-0.57,-0.09,-0.99,0.1,-0.16,-0.2,0.19,-0.51,1
135,-0.37,-0.77,0.04,-0.07,0.53,0.66,1.13,0.68,0.17,-1.77,-0.52,0.15,-0.3,0.32,1.12,-0.28,0.28,0.96,1.38,1.48,0.4,0.54,0.45,1.01,1.08,1
436,0.9,1.1,0.04,-0.13,-0.28,-0.31,-0.75,-0.77,-2.89,-2.32,0.08,-0.04,0.1,-0.03,-0.65,-0.11,-0.19,-0.71,-1.33,-1.76,-1.52,-0.27,-0.33,-0.57,-0.56,0
284,1.65,1.85,0.15,-0.12,-1.11,-2.47,-2.91,-4.68,-4.1,-7.16,-0.17,-0.73,-1.39,-3.26,-4.32,-5.86,-0.38,-1.84,-2.56,-3.39,-4.91,-0.67,-1.63,-2.88,-1.63,1
59,-0.11,-1.53,0.8,-0.86,1.38,-0.52,0.68,-1.61,0.73,-3.57,0.58,-0.62,-0.81,-2.56,-1.32,-5.87,0.76,2.65,2.11,2.11,-0.65,1.51,0.68,0.94,2.49,1
105,-1.68,-2.26,-0.17,0.16,1.17,2.27,1.55,3.63,4.02,6.92,-0.94,0.1,-1.76,0.17,-0.23,1.82,0.54,3.62,4.41,4.07,4.98,1.01,1.84,3.68,3.38,0
50,-0.94,-1.29,-0.15,0.05,1.06,1.27,1.47,2.01,-0.04,1.29,0.77,1.21,1.41,1.91,1.71,2.71,-0.08,1.17,1.42,1.02,1.62,0.41,0.84,1.64,1.3,1
155,0.23,-0.27,0.13,-0.17,0.42,0.34,1.03,0.59,-0.14,0.03,-0.04,-0.21,0.98,1.19,1.52,1.36,0.08,-0.17,0.44,0.82,0.33,-0.13,-0.18,0.35,0.35,1
208,-0.67,-1.12,-0.08,0.09,1.42,1.26,3.17,2.47,3.02,2.43,-0.06,-0.31,1.13,0.89,3.3,1.61,0.29,1.29,2.66,3.6,2.98,0.62,0.91,1.89,1.95,0
337,1.21,1.79,-0.12,0.08,-0.61,-0.55,-0.62,-0.92,-1.22,-0.93,-0.71,-0.46,-1.25,-0.88,-1.31,-0.75,-0.12,-1.05,-0.9,-0.75,-0.79,-0.37,-0.44,-0.94,-0.72,1
206,-0.98,-1.27,-0.08,0.11,1.37,1.28,2.82,2.42,2.05,1.86,-0.52,-0.19,0.62,0.69,2.58,1.31,0.42,1.48,2.59,3.19,2.84,0.78,1.0,1.98,2.0,0
15,-0.56,-0.66,-0.11,0.12,-0.21,-0.28,-0.77,-0.96,-0.19,0.95,0.65,0.42,0.61,0.6,0.74,0.93,-0.22,-0.93,-2.56,-2.0,-1.34,-0.25,-0.26,-1.32,-1.38,0
107,-1.51,-2.08,-0.24,0.22,0.84,1.88,1.46,3.55,4.6,7.29,-0.82,0.02,-1.49,0.3,0.38,2.12,0.38,2.88,3.9,3.9,5.0,0.73,1.43,3.13,2.67,0
106,-1.6,-2.24,-0.2,0.19,1.02,2.07,1.52,3.6,4.33,7.14,-0.88,0.1,-1.63,0.22,0.09,1.98,0.45,3.26,4.18,4.01,5.01,0.86,1.64,3.42,3.06,0
196,-0.43,-0.23,-0.35,0.31,-0.31,-0.05,-1.71,-1.67,-3.17,-3.44,-0.83,-0.12,-1.18,-0.45,-2.24,-1.72,0.09,0.13,-1.58,-2.28,-2.42,0.18,0.24,-0.76,-0.51,1
241,0.27,0.08,0.11,-0.06,-0.94,-1.78,-2.83,-3.91,-0.02,-3.8,0.28,-0.54,-0.78,-2.22,-3.14,-4.2,0.32,-0.64,-2.92,-3.19,-3.76,0.08,-0.43,-2.57,-1.92,1
188,-0.6,-0.64,-0.18,0.19,0.25,0.93,1.18,2.15,3.42,3.93,-0.7,-0.25,-0.33,0.4,1.71,1.41,0.41,0.98,1.51,2.18,2.86,0.48,0.81,1.39,0.71,0
142,-0.77,-1.2,0.33,-0.31,0.3,-0.22,0.87,-0.39,0.37,-0.59,-0.74,-0.47,0.41,-0.03,1.76,0.19,0.25,0.17,-0.16,0.63,-0.52,0.42,-0.1,-0.43,0.27,1
445,0.72,0.97,-0.03,-0.04,-0.45,0.03,-0.47,0.33,-1.93,-0.42,-0.14,0.21,-0.15,0.35,-0.45,0.54,-0.26,-0.61,-0.01,-0.78,0.1,-0.44,-0.28,0.06,-0.3,0
143,-0.5,-0.98,0.31,-0.3,0.39,0.12,1.09,0.18,0.96,0.33,-0.46,-0.11,0.67,0.5,2.09,0.88,0.23,0.18,0.14,0.93,0.06,0.38,-0.1,-0.09,0.36,1
256,-0.3,-0.28,0.06,-0.07,-0.1,-0.08,0.71,0.75,-0.13,0.17,-0.73,-0.59,0.01,0.07,0.95,0.96,0.08,-0.01,0.99,1.02,0.8,0.06,0.25,0.34,0.34,0
296,0.27,0.33,-0.02,0.04,-0.69,-0.59,-1.14,-0.92,-1.66,-1.28,0.15,-0.24,0.2,-0.08,-0.78,-0.25,-0.08,-0.79,-1.54,-1.8,-1.42,-0.43,-0.2,-1.05,-1.28,0
221,-0.18,-0.27,-0.07,0.08,-0.41,-0.79,-2.06,-2.68,-3.39,-3.56,-0.29,-0.15,-0.77,-0.99,-2.06,-2.06,0.22,-0.02,-3.02,-3.3,-3.45,0.13,-0.09,-1.78,-1.12,1
12,-1.81,-2.03,0.13,-0.09,2.04,1.55,2.99,2.78,2.64,3.27,1.04,0.78,2.24,1.51,3.05,2.67,0.27,2.13,2.78,2.96,2.93,1.06,1.45,2.53,2.59,1
426,-0.46,-0.24,-0.1,0.13,0.64,0.72,0.17,0.14,-2.28,-2.96,-0.82,-0.08,-0.98,-0.71,-1.72,-1.51,0.46,1.86,1.43,0.78,0.01,0.68,0.75,1.32,1.63,0
465,0.21,1.05,-0.04,0.03,0.08,0.59,0.29,0.57,-0.3,-0.28,0.04,0.52,0.08,0.48,0.05,0.52,-0.07,-0.23,0.23,0.27,0.38,-0.24,0.12,0.48,0.11,0
399,-0.21,0.14,-0.15,0.13,0.54,0.41,0.7,0.66,2.87,1.15,-0.28,0.28,-0.43,-0.32,-0.63,-1.17,0.17,1.35,2.22,1.98,1.51,0.27,0.14,1.35,1.61,0
53,-1.39,-1.43,-0.27,0.22,0.5,1.37,0.77,1.84,1.45,3.06,1.05,1.56,1.66,2.68,2.15,3.58,-0.23,0.63,0.25,0.11,1.36,0.1,0.83,1.02,0.19,1
92,-1.93,-2.07,-0.32,0.3,1.2,2.0,1.56,2.25,3.51,4.11,-1.34,-0.18,-2.15,-0.56,-1.01,-1.03,0.57,3.48,4.04,4.03,3.64,1.01,1.7,3.32,3.46,0
42,-0.41,-1.14,0.43,-0.38,0.77,-0.16,3.2,1.93,8.82,7.27,2.11,0.61,3.15,1.81,6.31,4.17,-0.42,-1.08,1.22,3.41,2.82,-0.24,-0.79,0.07,0.35,1
367,-0.2,-0.4,0.08,-0.09,-0.43,-0.79,-1.92,-2.59,-1.56,-3.8,-0.14,-0.28,-0.36,-1.11,-2.24,-2.59,0.03,-0.19,-2.28,-2.68,-3.22,0.09,-0.25,-1.38,-1.09,0
467,0.35,0.8,0.09,-0.11,0.16,0.35,0.29,0.39,-0.58,-0.89,0.05,0.0,0.12,0.26,-0.08,0.33,-0.09,-0.24,0.38,0.37,0.22,-0.15,0.01,0.39,0.19,0
57,-0.22,-0.18,0.04,-0.03,-0.2,-0.38,-0.54,-0.95,-0.77,0.0,0.56,0.34,0.28,0.21,0.41,0.37,-0.15,-0.61,-1.95,-1.45,-1.26,-0.1,-0.27,-1.05,-0.98,0
297,0.23,0.33,-0.05,0.07,-0.68,-0.52,-1.12,-0.88,-1.56,-1.25,0.08,-0.27,0.09,-0.16,-0.83,-0.39,-0.02,-0.69,-1.43,-1.73,-1.35,-0.33,-0.08,-0.96,-1.21,0
179,-1.21,-1.31,-0.26,0.26,0.41,1.56,1.24,3.38,4.93,7.31,-0.76,-0.16,-1.22,0.6,0.85,2.36,0.32,2.05,3.24,3.52,4.82,0.51,1.06,2.51,1.78,0
298,1.4,2.7,-0.13,0.2,-1.23,-1.01,-1.34,-1.16,0.82,-0.56,-0.48,-0.1,-2.03,-2.0,-3.09,-3.1,-0.2,-0.83,0.53,0.04,-0.14,-0.77,-1.04,-0.5,-0.44,1
511,0.52,0.33,0.03,0.01,-0.36,-0.28,-0.88,-0.49,-1.57,-0.79,0.21,-0.02,-0.03,0.03,-0.4,0.13,0.0,-0.7,-1.07,-1.42,-0.92,-0.1,-0.2,-0.66,-0.8,0
57,-0.22,-0.18,0.04,-0.03,-0.2,-0.38,-0.54,-0.95,-0.77,0.0,0.56,0.34,0.28,0.21,0.41,0.37,-0.15,-0.61,-1.95,-1.45,-1.26,-0.1,-0.27,-1.05,-0.98,0
357,0.98,1.26,0.18,-0.13,-0.71,-0.72,-1.26,-1.0,-2.45,-1.63,-0.68,-0.56,-1.21,-1.07,-1.79,-0.48,-0.11,-1.12,-0.89,-1.48,-1.15,-0.23,-0.51,-0.82,-0.81,1
434,0.03,0.19,-0.29,0.29,0.16,0.81,-0.1,0.88,1.33,1.52,-0.37,0.2,-0.28,0.46,-0.22,0.73,0.04,0.61,0.67,0.53,1.32,0.0,0.32,0.66,0.25,0
37,-0.96,-1.59,-0.19,0.19,1.07,1.97,4.19,5.22,11.31,12.44,1.61,1.76,3.13,3.59,7.51,7.14,-0.28,0.6,3.26,5.17,6.69,-0.2,0.61,2.6,1.34,1
194,-0.79,-0.31,-0.33,0.33,-0.38,0.1,-1.53,-1.31,-3.0,-3.09,-1.3,-0.29,-1.46,-0.47,-2.02,-1.43,0.14,0.15,-1.32,-1.92,-2.06,0.22,0.44,-0.49,-0.39,1
308,0.25,0.4,-0.06,0.09,-0.63,-0.47,-1.12,-0.84,-1.52,-1.22,0.03,-0.19,-0.01,-0.21,-0.9,-0.48,0.04,-0.6,-1.33,-1.67,-1.27,-0.24,0.0,-0.87,-1.12,0
501,0.61,1.02,0.05,-0.08,-0.54,-0.2,-0.63,0.13,-1.66,-0.51,0.09,0.1,-0.3,0.25,-0.52,0.4,-0.4,-0.84,-0.09,-0.71,-0.03,-0.53,-0.59,-0.18,-0.47,0
362,1.53,1.2,0.06,-0.01,-1.15,-0.63,-1.81,-0.75,-1.96,-0.38,-0.63,-0.41,-0.87,0.26,-1.66,0.72,-0.06,-1.46,-1.99,-2.58,-1.37,-0.26,-0.6,-1.29,-1.68,1
25,-1.13,-1.58,-0.17,0.05,1.49,1.47,2.2,2.36,0.8,1.68,0.68,0.7,1.67,1.87,2.3,2.48,0.04,1.6,2.25,1.96,2.26,0.56,1.07,2.1,2.01,1
310,0.37,0.55,-0.01,0.03,-0.52,-0.5,-1.22,-0.91,-1.91,-1.46,0.0,0.17,-0.15,-0.3,-1.17,-0.62,0.05,-0.53,-1.34,-1.77,-1.35,-0.15,-0.05,-0.86,-1.03,0
420,-0.45,-0.22,-0.01,0.06,-0.43,0.25,-0.87,0.18,-1.96,-0.84,0.37,0.49,0.26,1.21,-1.01,0.79,-0.22,-0.72,-0.33,-0.83,-0.26,-0.26,-0.07,-0.05,-0.71,1
95,-1.99,-2.11,-0.22,0.22,1.5,2.63,1.78,3.45,3.49,5.89,-1.22,-0.44,-2.02,-0.02,-0.81,0.74,0.77,4.36,4.83,4.34,4.75,1.37,2.23,4.2,4.07,0
55,0.1,-0.03,0.11,-0.13,0.3,0.06,0.45,0.02,0.72,1.29,0.71,0.47,0.63,0.45,1.26,0.92,0.05,0.09,-0.64,-0.03,0.02,0.22,0.03,-0.21,-0.07,0
149,-0.15,-0.22,0.21,-0.24,0.52,-0.14,1.44,0.47,1.1,0.65,-0.24,-0.57,1.3,0.47,2.47,1.65,-0.09,-0.22,0.04,1.0,0.09,-0.07,-0.42,-0.18,0.26,1
393,0.56,0.03,0.17,-0.19,-0.94,-1.54,-2.75,-3.34,-2.37,-4.91,0.12,-0.08,-1.12,-1.78,-3.76,-3.87,0.15,-0.13,-1.91,-2.84,-3.64,0.01,-0.58,-1.65,-0.99,0
196,-0.43,-0.23,-0.35,0.31,-0.31,-0.05,-1.71,-1.67,-3.17,-3.44,-0.83,-0.12,-1.18,-0.45,-2.24,-1.72,0.09,0.13,-1.58,-2.28,-2.42,0.18,0.24,-0.76,-0.51,1
367,-0.2,-0.4,0.08,-0.09,-0.43,-0.79,-1.92,-2.59,-1.56,-3.8,-0.14,-0.28,-0.36,-1.11,-2.24,-2.59,0.03,-0.19,-2.28,-2.68,-3.22,0.09,-0.25,-1.38,-1.09,0
508,0.55,0.84,-0.03,0.01,-0.77,-0.5,-1.38,-1.15,-2.43,-2.03,-0.25,0.17,-0.25,-0.13,-0.74,-0.34,-0.14,-1.26,-1.86,-2.16,-1.81,-0.43,-0.4,-1.27,-1.39,0
49,-0.94,-1.06,0.01,-0.01,0.02,-0.36,-0.33,-0.73,-1.16,-0.63,0.58,0.23,0.71,0.3,0.36,0.42,-0.23,-0.45,-1.17,-1.15,-1.02,-0.21,-0.33,-0.79,-0.53,0
491,0.95,1.11,-0.04,0.03,-0.2,0.0,-0.11,0.23,-1.51,-0.68,0.15,0.08,0.37,0.15,0.03,0.46,-0.13,-0.37,0.03,-0.46,0.1,-0.25,-0.23,0.14,-0.11,0
189,-0.63,-0.92,-0.12,0.13,0.43,0.79,1.26,1.82,2.72,2.92,-0.66,-0.48,-0.21,0.1,1.71,0.9,0.42,1.0,1.25,1.95,2.3,0.58,0.82,1.29,0.79,0
98,-0.45,-1.09,-0.01,0.03,1.34,1.76,3.17,4.16,7.04,9.41,0.44,-0.59,0.71,0.77,3.3,3.11,0.14,2.84,4.58,5.51,6.26,0.5,1.19,3.2,3.0,1
182,-0.72,-0.16,-0.25,0.26,-0.01,1.29,1.01,2.96,4.82,6.43,-0.76,-0.04,-0.78,0.95,1.38,2.42,0.36,1.15,2.33,2.86,4.22,0.35,0.78,1.78,0.8,0
230,0.1,-0.18,0.13,-0.1,-0.29,-0.47,-1.79,-1.91,-3.43,-4.15,0.24,-0.46,-0.44,-1.41,-2.51,-2.74,0.2,0.32,-1.45,-2.34,-2.53,-0.02,-0.11,-0.66,-0.57,1
294,0.52,0.52,0.0,0.0,-0.62,-0.63,-1.1,-0.83,-1.7,-0.99,0.29,0.01,0.45,0.14,-0.7,0.18,-0.14,-0.97,-1.59,-1.82,-1.32,-0.53,-0.43,-1.15,-1.33,0
63,-0.58,-1.02,0.24,-0.25,0.58,0.18,0.22,-0.05,1.14,-0.96,-0.13,0.62,-1.76,-1.22,-2.49,-3.68,0.47,1.86,2.56,2.53,1.05,0.83,0.52,1.26,1.93,1
129,-1.01,-1.48,0.21,-0.16,0.92,0.5,1.64,0.87,1.3,-0.34,-0.43,-1.53,-0.16,0.09,1.98,0.43,0.42,1.33,1.2,1.79,0.64,0.89,0.71,0.89,1.24,1
17,-0.71,-0.98,-0.12,0.09,0.54,0.52,1.08,1.18,3.8,5.46,0.74,0.67,1.45,1.5,3.07,3.08,-0.12,-0.21,-0.56,0.52,1.53,-0.02,0.09,-0.03,-0.2,0
215,-0.64,-0.26,-0.16,0.17,0.99,0.82,2.62,1.65,3.25,1.83,0.61,0.63,1.61,1.35,3.5,1.85,-0.1,0.39,1.46,2.54,1.75,0.18,0.38,1.0,1.02,0
132,-0.9,-1.55,0.06,-0.06,0.69,0.8,1.13,0.76,0.47,-1.34,-0.71,-0.61,-0.5,-0.03,1.28,0.2,0.41,1.15,1.17,1.41,0.45,0.77,0.68,1.01,1.04,1
395,0.43,0.57,0.02,-0.04,-1.07,-1.55,-2.41,-3.16,-1.95,-4.46,-0.01,-0.22,-1.23,-1.83,-3.58,-3.89,0.05,-0.43,-1.6,-2.26,-3.31,-0.16,-0.61,-1.61,-0.95,0
56,-0.03,-0.07,0.08,-0.09,0.06,-0.15,0.0,-0.43,0.01,0.69,0.62,0.41,0.44,0.32,0.86,0.65,-0.04,-0.23,-1.23,-0.67,-0.56,0.07,-0.12,-0.59,-0.49,0
390,0.55,0.72,-0.09,0.04,-0.34,-0.14,-0.88,-0.07,-3.02,-1.56,-0.1,-0.02,0.06,0.28,-1.53,0.18,0.02,-0.59,-0.26,-1.33,-0.52,-0.06,-0.17,-0.21,-0.39,1
98,-0.45,-1.09,-0.01,0.03,1.34,1.76,3.17,4.16,7.04,9.41,0.44,-0.59,0.71,0.77,3.3,3.11,0.14,2.84,4.58,5.51,6.26,0.5,1.19,3.2,3.0,1
504,0.89,1.01,-0.02,0.02,-0.63,-0.45,-1.05,-0.77,-2.26,-1.75,0.26,0.07,-0.2,-0.02,-0.78,-0.2,-0.29,-1.11,-1.06,-1.5,-1.26,-0.54,-0.67,-0.86,-0.9,0
171,0.06,-0.16,-0.05,0.06,-0.58,-0.24,-1.02,-1.12,-1.33,-1.78,-0.49,-0.26,-0.3,-0.02,-0.45,-0.65,-0.04,-0.81,-1.78,-1.75,-2.03,-0.31,-0.18,-0.98,-1.12,1
16,-0.61,-0.82,-0.13,0.12,0.13,0.1,-0.01,-0.05,1.54,2.91,0.71,0.55,1.0,1.02,1.74,1.87,-0.17,-0.61,-1.76,-0.99,-0.14,-0.15,-0.09,-0.77,-0.89,0
359,0.9,1.16,0.23,-0.15,-0.81,-0.61,-1.14,-0.5,-1.7,-0.3,-0.63,-0.36,-0.87,-0.32,-1.3,0.46,-0.12,-1.24,-0.96,-1.52,-0.73,-0.26,-0.64,-0.83,-0.93,1
135,-0.37,-0.77,0.04,-0.07,0.53,0.66,1.13,0.68,0.17,-1.77,-0.52,0.15,-0.3,0.32,1.12,-0.28,0.28,0.96,1.38,1.48,0.4,0.54,0.45,1.01,1.08,1
394,0.51,0.28,0.1,-0.12,-1.09,-1.66,-2.77,-3.49,-2.66,-5.21,0.04,-0.19,-1.26,-1.92,-3.9,-4.09,0.1,-0.35,-1.98,-2.81,-3.81,-0.09,-0.62,-1.79,-1.09,0
51,-1.06,-1.27,-0.17,0.09,0.79,1.23,1.06,1.83,-0.08,1.46,0.83,1.37,1.36,2.08,1.55,2.9,-0.15,0.93,0.89,0.48,1.3,0.31,0.79,1.35,0.84,1
477,1.06,1.01,0.2,-0.2,-0.77,-1.13,-1.46,-1.4,-1.65,-0.71,0.72,-0.01,0.53,0.09,-0.82,0.39,-0.39,-2.0,-2.73,-2.55,-1.79,-0.61,-1.0,-2.03,-2.05,0
355,1.33,1.4,0.06,-0.06,-0.78,-0.81,-1.49,-1.45,-2.64,-2.54,-0.82,-0.95,-1.62,-1.54,-2.32,-1.32,-0.02,-1.06,-1.05,-1.55,-1.56,-0.18,-0.34,-0.95,-0.9,1
265,-0.04,0.09,-0.05,0.06,-0.93,-1.64,-3.42,-4.27,-6.46,-7.24,-0.41,-1.07,-1.34,-2.24,-4.44,-4.4,0.34,-0.67,-3.87,-4.82,-5.31,0.36,-0.09,-2.75,-1.95,1
419,-0.65,-0.26,0.06,-0.02,-0.42,0.23,-0.95,0.3,-2.11,-0.82,0.31,0.25,0.15,1.11,-1.15,1.0,-0.24,-0.71,-0.27,-0.92,-0.2,-0.23,-0.17,0.0,-0.68,1
59,-0.11,-1.53,0.8,-0.86,1.38,-0.52,0.68,-1.61,0.73,-3.57,0.58,-0.62,-0.81,-2.56,-1.32,-5.87,0.76,2.65,2.11,2.11,-0.65,1.51,0.68,0.94,2.49,1
452,-0.19,-0.07,0.47,-0.54,-0.17,-0.89,-0.93,-0.67,-1.36,-0.79,1.27,1.2,0.9,0.48,-0.15,0.57,-0.51,-1.76,-1.65,-1.5,-1.1,-0.15,-1.07,-1.3,-1.45,1
429,-0.26,0.2,-0.03,0.01,0.57,0.81,0.14,0.39,-0.85,-0.74,-0.47,-0.22,-0.57,-0.36,-1.02,-0.6,0.22,1.3,1.2,0.78,0.58,0.38,0.6,1.0,1.13,0
306,1.56,2.92,-0.4,0.47,-0.96,-0.32,-1.5,-0.91,-2.63,-1.81,-0.62,-0.03,-1.6,-1.12,-2.75,-1.45,-0.38,-0.76,-0.42,-1.05,-0.82,-0.85,-0.5,-0.45,-0.8,1
445,0.72,0.97,-0.03,-0.04,-0.45,0.03,-0.47,0.33,-1.93,-0.42,-0.14,0.21,-0.15,0.35,-0.45,0.54,-0.26,-0.61,-0.01,-0.78,0.1,-0.44,-0.28,0.06,-0.3,0
136,-0.37,-0.64,0.1,-0.12,0.45,0.34,1.07,0.35,-0.09,-2.06,-0.58,-0.18,-0.25,0.15,1.07,-0.6,0.26,0.86,1.17,1.33,0.06,0.53,0.36,0.72,1.01,1
328,0.03,0.26,-0.1,0.1,-0.52,-0.46,-2.05,-1.76,-3.27,-2.65,-0.14,0.01,-0.64,-0.52,-2.5,-1.44,-0.08,-0.29,-1.94,-2.89,-2.35,-0.08,-0.01,-1.11,-1.11,0
102,-1.92,-2.1,-0.17,0.17,1.46,2.64,1.69,3.56,3.43,6.14,-1.15,-0.33,-2.01,0.06,-0.82,1.1,0.76,4.33,4.82,4.25,4.83,1.36,2.23,4.19,4.01,0
166,0.51,0.53,0.08,-0.05,-0.62,-0.56,-0.92,-0.92,-0.58,-0.59,-0.15,0.49,-0.04,0.34,-0.4,0.26,-0.08,-1.23,-1.68,-1.32,-1.4,-0.41,-0.58,-1.28,-1.24,1
24,-1.42,-1.8,-0.2,0.09,1.6,1.56,2.39,2.45,1.3,2.06,0.65,0.45,1.8,1.92,2.51,2.43,0.08,1.71,2.45,2.23,2.47,0.62,1.22,2.22,2.17,1
158,0.17,0.05,-0.07,0.02,0.04,0.48,0.55,0.75,-0.02,0.42,-0.34,-0.35,0.73,1.14,0.9,1.54,0.04,-0.45,0.38,0.57,0.48,-0.38,-0.21,0.33,0.02,1
304,1.41,3.01,-0.57,0.62,-1.07,-0.25,-1.23,-0.96,-2.89,-2.89,-0.93,-0.12,-1.81,-1.33,-2.77,-1.99,-0.31,-0.49,-0.23,-0.76,-0.98,-0.82,-0.36,-0.31,-0.52,1
495,0.6,0.67,0.06,-0.05,-0.2,-0.51,-0.43,-0.3,-1.87,-0.61,0.09,-0.51,0.18,-0.09,-0.31,0.5,-0.24,-0.6,-0.66,-1.14,-0.61,-0.2,-0.59,-0.43,-0.32,0
186,-0.31,0.3,-0.75,0.67,-0.15,1.56,1.92,4.15,6.19,8.09,0.16,1.44,0.64,1.7,3.29,4.09,-0.53,1.03,3.16,3.62,5.62,-0.92,0.49,2.29,0.82,1
89,-1.1,-1.35,0.39,-0.44,1.71,1.29,2.34,3.15,5.13,8.11,0.74,0.82,0.09,0.14,1.2,1.97,0.42,2.8,3.96,4.61,5.21,1.15,1.02,2.68,2.97,1
33,-2.09,-2.07,-0.08,0.08,1.74,1.6,2.66,2.61,2.35,3.13,0.73,0.45,2.02,1.81,2.76,2.51,0.17,1.88,2.63,2.68,2.78,0.84,1.49,2.39,2.32,1
367,-0.2,-0.4,0.08,-0.09,-0.43,-0.79,-1.92,-2.59,-1.56,-3.8,-0.14,-0.28,-0.36,-1.11,-2.24,-2.59,0.03,-0.19,-2.28,-2.68,-3.22,0.09,-0.25,-1.38,-1.09,0
489,0.89,0.94,-0.04,0.04,-0.36,0.01,-0.34,0.25,-2.13,-1.1,0.06,0.09,0.11,0.12,-0.35,0.5,-0.15,-0.47,0.0,-0.67,0.04,-0.33,-0.27,0.17,-0.26,0
89,-1.1,-1.35,0.39,-0.44,1.71,1.29,2.34,3.15,5.13,8.11,0.74,0.82,0.09,0.14,1.2,1.97,0.42,2.8,3.96,4.61,5.21,1.15,1.02,2.68,2.97,1
56,-0.03,-0.07,0.08,-0.09,0.06,-0.15,0.0,-0.43,0.01,0.69,0.62,0.41,0.44,0.32,0.86,0.65,-0.04,-0.23,-1.23,-0.67,-0.56,0.07,-0.12,-0.59,-0.49,0
128,-0.81,-1.21,0.19,-0.13,1.02,0.52,1.92,1.11,1.77,0.23,-0.18,-1.21,0.16,0.44,2.33,0.68,0.34,1.33,1.39,2.05,0.95,0.8,0.63,0.97,1.35,1
478,1.26,1.08,0.15,-0.14,-0.95,-1.26,-1.67,-1.69,-1.98,-1.07,0.66,-0.02,0.43,0.01,-0.91,0.22,-0.44,-2.22,-3.15,-2.88,-2.18,-0.71,-1.09,-2.3,-2.33,0
484,0.44,1.18,-0.22,0.2,-1.14,-0.7,-1.32,-1.45,-2.58,-2.82,-0.15,0.42,-0.3,-0.09,-0.67,-0.13,-0.45,-1.9,-2.31,-2.3,-2.21,-0.82,-0.82,-1.56,-1.94,0
435,0.06,0.29,-0.33,0.34,-0.08,0.55,-0.45,0.49,0.92,1.02,-0.44,0.21,-0.39,0.36,-0.44,0.6,-0.01,0.24,0.03,-0.05,0.75,-0.13,0.16,0.23,-0.19,0
373,1.05,1.44,0.08,-0.05,-1.65,-1.55,-2.31,-2.15,-1.94,-2.71,0.27,-0.22,-0.55,-0.76,-2.14,-1.81,-0.15,-1.83,-2.29,-2.59,-2.51,-0.64,-1.04,-2.03,-2.23,0
192,-0.83,-1.03,0.08,-0.08,0.87,0.64,1.55,1.28,1.13,0.92,-0.68,-0.84,0.0,-0.28,1.56,-0.06,0.5,1.06,1.0,1.67,1.38,0.84,0.77,1.21,1.1,0
327,-0.16,0.11,-0.12,0.12,-0.49,-0.35,-1.87,-1.56,-2.82,-2.33,-0.11,-0.11,-0.5,-0.49,-2.26,-1.32,-0.11,-0.22,-1.73,-2.64,-2.08,-0.11,0.05,-0.94,-1.02,0
343,0.36,0.25,0.14,-0.13,-0.61,-0.96,-1.77,-2.05,-2.55,-2.56,-0.09,-0.35,-0.52,-1.16,-1.9,-1.81,-0.04,-0.65,-2.08,-2.49,-2.42,-0.2,-0.54,-1.59,-1.32,0
504,0.89,1.01,-0.02,0.02,-0.63,-0.45,-1.05,-0.77,-2.26,-1.75,0.26,0.07,-0.2,-0.02,-0.78,-0.2,-0.29,-1.11,-1.06,-1.5,-1.26,-0.54,-0.67,-0.86,-0.9,0
30,-0.01,-0.27,0.06,-0.1,0.46,0.17,0.66,0.22,1.04,1.41,0.84,0.5,0.88,0.58,1.49,1.08,0.07,0.22,-0.3,0.22,0.26,0.27,0.12,-0.04,0.16,0
336,1.32,1.94,-0.14,0.13,-0.52,-0.45,-0.53,-0.8,-1.32,-0.62,-0.51,-0.17,-1.02,-0.58,-1.13,-0.3,-0.23,-1.15,-1.03,-0.83,-0.73,-0.5,-0.51,-0.96,-0.77,1
209,-0.56,-0.84,-0.08,0.08,1.4,1.2,3.27,2.43,3.51,2.72,0.17,-0.23,1.38,0.99,3.63,1.72,0.2,1.1,2.58,3.71,2.97,0.5,0.8,1.78,1.84,0
341,0.48,0.51,0.14,-0.12,-0.69,-0.97,-1.94,-2.04,-2.51,-2.19,-0.12,-0.24,-0.62,-0.87,-2.1,-1.57,-0.09,-0.79,-2.17,-2.66,-2.37,-0.24,-0.48,-1.71,-1.43,0
299,1.31,2.59,-0.14,0.23,-1.0,-0.7,-0.89,-0.62,1.07,-0.09,-0.59,-0.25,-1.97,-1.77,-2.64,-2.64,-0.18,-0.43,1.0,0.63,0.47,-0.69,-0.81,-0.1,-0.1,1
86,-1.68,-1.82,-0.23,0.19,0.72,1.09,0.67,0.62,2.17,1.28,-1.34,-0.03,-2.56,-1.32,-2.09,-3.08,0.45,2.46,2.86,2.97,1.86,0.74,1.16,2.1,2.53,0
385,0.66,0.68,-0.15,0.15,-0.95,-0.66,-1.37,-1.2,-3.15,-2.7,-0.44,0.13,-0.57,-0.43,-1.22,-0.6,0.04,-1.04,-1.63,-2.19,-1.88,-0.19,-0.12,-1.07,-1.36,1
8,-1.04,-2.62,0.28,-0.32,1.98,1.52,2.52,2.58,1.71,2.24,1.43,0.17,2.16,1.39,2.76,2.39,0.31,2.14,2.3,2.1,2.49,0.98,1.18,2.32,2.4,1
384,0.82,0.74,-0.08,0.09,-0.98,-0.8,-1.34,-1.46,-2.93,-2.81,-0.44,-0.06,-0.55,-0.56,-0.97,-0.64,-0.01,-1.19,-1.96,-2.29,-2.19,-0.21,-0.22,-1.29,-1.52,1
99,-0.27,-0.91,-0.23,0.24,0.99,1.84,3.05,4.41,7.27,9.6,0.32,-0.7,0.75,1.01,3.56,3.59,-0.03,2.59,4.5,5.35,6.46,0.17,1.14,3.18,2.64,1
214,-0.68,-0.12,-0.15,0.15,1.04,0.84,2.79,1.79,3.59,2.19,0.59,0.67,1.69,1.34,3.68,1.9,-0.11,0.41,1.63,2.8,2.0,0.16,0.35,1.08,1.12,0
243,-0.15,0.22,-0.12,0.14,0.61,0.84,2.0,1.55,1.5,0.84,0.13,0.42,1.23,1.21,2.55,1.82,-0.1,0.28,1.65,1.99,1.54,0.09,0.36,1.08,0.87,0
106,-1.6,-2.24,-0.2,0.19,1.02,2.07,1.52,3.6,4.33,7.14,-0.88,0.1,-1.63,0.22,0.09,1.98,0.45,3.26,4.18,4.01,5.01,0.86,1.64,3.42,3.06,0
330,0.42,0.54,0.03,-0.03,-0.65,-0.8,-2.27,-2.12,-3.63,-2.96,-0.16,0.07,-0.82,-0.62,-2.72,-1.61,-0.08,-0.61,-2.33,-3.18,-2.74,-0.15,-0.25,-1.56,-1.37,0
97,-0.66,-1.18,0.19,-0.18,1.6,1.63,3.14,3.85,6.63,9.07,0.59,-0.17,0.63,0.57,2.89,2.67,0.26,2.94,4.51,5.47,5.95,0.76,1.15,3.1,3.18,1
83,-1.31,-1.58,0.12,-0.12,0.55,-0.23,-0.62,-1.67,-0.96,-3.69,-1.15,-0.68,-3.0,-2.88,-4.05,-6.49,0.6,2.11,1.66,1.38,-0.81,1.01,0.85,0.84,1.88,0
222,-0.02,-0.31,0.0,0.0,-0.37,-0.83,-1.85,-2.65,-3.25,-3.59,-0.19,-0.59,-0.67,-1.1,-1.85,-2.1,0.18,-0.01,-2.84,-3.08,-3.36,0.16,-0.17,-1.72,-1.02,1
187,-0.45,0.37,-0.71,0.63,-0.16,1.46,1.75,3.8,5.44,7.15,0.07,1.59,0.54,1.55,3.06,3.58,-0.47,0.88,2.78,3.21,5.07,-0.86,0.46,2.11,0.66,1
248,-0.48,0.03,-0.23,0.25,0.16,0.37,1.28,1.25,0.92,1.16,-0.17,0.64,0.75,1.17,1.82,1.86,-0.18,-0.06,1.13,1.32,1.25,-0.17,0.13,0.58,0.48,0
257,-0.32,-0.49,0.11,-0.11,-0.22,-0.15,0.51,0.68,-0.4,-0.04,-0.78,-0.76,-0.11,0.0,0.77,0.85,0.06,-0.09,0.88,0.83,0.7,0.04,0.18,0.26,0.21,0
300,1.25,2.58,-0.21,0.3,-0.85,-0.49,-0.62,-0.4,0.61,-0.39,-0.74,-0.34,-1.93,-1.65,-2.37,-2.4,-0.17,-0.16,1.14,0.84,0.59,-0.63,-0.61,0.1,0.09,1
472,0.98,0.57,0.12,-0.09,0.0,-0.28,0.08,-0.38,-0.73,-0.85,1.03,0.03,1.04,0.52,0.27,0.66,-0.22,-1.0,-0.51,-0.41,-0.55,-0.34,-0.5,-0.63,-0.5,0
468,0.55,0.61,0.15,-0.16,0.18,0.2,0.31,0.25,-0.72,-1.05,0.21,-0.21,0.27,0.25,-0.02,0.35,-0.13,-0.33,0.33,0.34,0.09,-0.16,-0.11,0.25,0.15,0
351,0.22,0.2,0.12,-0.13,-0.44,-0.9,-1.87,-2.78,0.17,-3.14,0.15,-0.47,-0.2,-1.07,-2.02,-2.75,-0.1,-0.44,-2.21,-2.46,-3.13,-0.08,-0.39,-1.61,-1.23,0
476,0.88,0.96,0.2,-0.21,-0.59,-0.95,-1.18,-1.13,-1.3,-0.51,0.8,0.07,0.67,0.19,-0.62,0.54,-0.34,-1.78,-2.25,-2.14,-1.44,-0.52,-0.89,-1.74,-1.74,0
121,-1.01,-0.81,-0.04,0.02,0.89,0.82,1.77,1.5,0.57,0.6,-0.27,0.15,0.79,0.85,2.12,1.69,0.04,0.84,1.06,1.53,1.32,0.16,0.52,1.06,0.98,1
234,-0.38,-0.11,-0.24,0.24,0.77,0.86,2.55,1.62,2.1,0.98,0.3,0.83,1.45,1.3,3.12,1.68,-0.22,0.29,1.84,2.58,1.7,-0.03,0.26,1.09,1.08,0
80,-0.49,-1.33,0.53,-0.51,1.31,-0.75,-0.25,-2.56,-1.22,-5.53,-0.35,-1.09,-1.85,-3.65,-3.22,-7.7,0.9,2.69,1.5,1.19,-1.85,1.65,0.91,0.59,2.28,0
102,-1.92,-2.1,-0.17,0.17,1.46,2.64,1.69,3.56,3.43,6.14,-1.15,-0.33,-2.01,0.06,-0.82,1.1,0.76,4.33,4.82,4.25,4.83,1.36,2.23,4.19,4.01,0
374,1.09,1.53,0.06,-0.03,-1.37,-1.28,-1.9,-1.64,0.33,-0.91,0.46,-0.04,-0.27,-0.5,-1.6,-1.46,-0.13,-1.52,-1.55,-1.81,-1.53,-0.59,-0.95,-1.63,-1.82,0
355,1.33,1.4,0.06,-0.06,-0.78,-0.81,-1.49,-1.45,-2.64,-2.54,-0.82,-0.95,-1.62,-1.54,-2.32,-1.32,-0.02,-1.06,-1.05,-1.55,-1.56,-0.18,-0.34,-0.95,-0.9,1
352,-0.04,-0.12,0.09,-0.1,-0.36,-0.78,-1.81,-2.61,-0.27,-3.17,0.02,-0.36,-0.22,-1.05,-2.02,-2.62,-0.03,-0.24,-2.13,-2.44,-3.03,0.03,-0.27,-1.42,-1.08,0
160,-0.14,-0.19,-0.11,0.03,-0.41,0.19,-0.31,0.12,-0.77,-0.35,-0.54,-0.52,0.33,0.81,-0.06,0.95,-0.06,-0.69,-0.45,-0.38,-0.33,-0.52,-0.34,-0.24,-0.61,1
227,-0.51,-0.73,0.04,-0.02,0.1,0.08,-0.75,-0.67,-1.88,-1.73,0.02,-0.62,-0.1,-0.77,-1.42,-1.4,0.08,0.66,-0.42,-1.27,-0.97,0.07,-0.06,0.13,0.12,1
231,-0.37,-0.32,-0.27,0.26,0.89,0.91,2.72,1.64,2.86,1.58,0.54,0.83,1.54,1.48,3.4,1.74,-0.15,0.33,1.76,2.76,1.79,0.06,0.33,1.02,1.07,0
46,0.08,-1.15,0.84,-0.89,1.52,-0.77,1.43,-1.68,2.87,-1.84,1.44,-0.15,0.89,-1.56,1.33,-3.94,0.46,1.61,1.13,1.91,-0.91,1.08,0.14,0.09,1.85,1
464,0.3,1.04,-0.07,0.08,0.02,0.62,0.28,0.59,-0.23,0.09,0.12,0.7,0.16,0.63,0.18,0.7,-0.1,-0.32,0.03,0.12,0.37,-0.34,0.06,0.4,0.0,0
253,-0.23,0.04,-0.12,0.09,0.07,0.08,1.04,0.85,0.28,0.45,-0.52,-0.23,0.39,0.4,1.35,1.27,0.06,0.04,0.97,1.17,0.83,-0.02,0.38,0.39,0.43,0
229,-0.24,-0.48,0.1,-0.07,-0.07,-0.12,-1.34,-1.24,-3.09,-3.22,0.12,-0.49,-0.3,-1.09,-2.14,-2.15,0.17,0.58,-0.89,-1.86,-1.79,0.03,-0.02,-0.15,-0.18,1
67,-0.45,-0.92,0.49,-0.43,0.28,-1.02,2.46,0.54,7.01,5.19,1.53,0.17,1.77,0.36,5.11,2.21,-0.41,-1.76,0.36,2.72,1.23,-0.25,-1.19,-1.01,-0.29,0
172,-0.14,-0.14,-0.16,0.18,-0.64,-0.2,-1.22,-1.13,-1.71,-2.06,-0.66,-0.29,-0.5,-0.06,-0.76,-0.74,-0.03,-0.76,-1.83,-1.95,-2.09,-0.3,-0.05,-0.94,-1.15,1
320,1.24,2.54,0.04,0.06,-0.73,-0.46,-0.81,-0.18,0.62,0.97,-0.48,-0.21,-1.11,-1.08,-1.16,-0.69,-0.22,-0.95,0.14,0.06,0.65,-0.65,-0.69,-0.58,-0.9,1
298,1.4,2.7,-0.13,0.2,-1.23,-1.01,-1.34,-1.16,0.82,-0.56,-0.48,-0.1,-2.03,-2.0,-3.09,-3.1,-0.2,-0.83,0.53,0.04,-0.14,-0.77,-1.04,-0.5,-0.44,1
436,0.9,1.1,0.04,-0.13,-0.28,-0.31,-0.75,-0.77,-2.89,-2.32,0.08,-0.04,0.1,-0.03,-0.65,-0.11,-0.19,-0.71,-1.33,-1.76,-1.52,-0.27,-0.33,-0.57,-0.56,0
194,-0.79,-0.31,-0.33,0.33,-0.38,0.1,-1.53,-1.31,-3.0,-3.09,-1.3,-0.29,-1.46,-0.47,-2.02,-1.43,0.14,0.15,-1.32,-1.92,-2.06,0.22,0.44,-0.49,-0.39,1
344,0.39,0.17,0.17,-0.17,-0.61,-1.04,-1.87,-2.25,-3.02,-3.31,-0.07,-0.37,-0.56,-1.32,-2.04,-2.1,-0.03,-0.63,-2.24,-2.67,-2.78,-0.19,-0.6,-1.63,-1.35,0
315,-0.08,0.07,0.15,-0.19,-0.58,-0.68,-1.61,-1.42,-2.52,-2.27,0.01,-0.16,-0.21,-0.53,-1.7,-1.05,-0.29,-0.57,-1.7,-2.3,-1.94,-0.36,-0.32,-1.09,-1.19,0
276,0.09,0.36,0.08,-0.1,-0.44,-0.15,-0.26,0.69,-0.44,0.72,-0.16,0.18,0.22,0.55,0.02,1.12,0.0,-0.44,0.47,0.0,0.7,-0.23,-0.12,0.04,-0.44,0
19,-1.05,-1.32,-0.05,0.02,1.09,1.0,3.27,3.5,8.21,10.26,0.77,0.75,2.14,2.24,5.73,5.42,-0.16,0.21,1.85,3.69,4.72,0.08,0.15,1.21,0.97,0
193,-0.93,-0.9,0.1,-0.09,0.97,0.72,1.71,1.36,0.97,0.79,-0.74,-0.7,0.05,-0.17,1.56,-0.01,0.51,1.1,1.19,1.8,1.47,0.87,0.77,1.3,1.26,0
388,0.23,0.63,-0.23,0.19,-0.62,-0.17,-1.15,-0.44,-3.43,-2.39,-0.42,0.23,-0.32,-0.01,-1.66,-0.38,0.11,-0.57,-0.58,-1.65,-0.98,-0.08,0.01,-0.38,-0.67,1
49,-0.94,-1.06,0.01,-0.01,0.02,-0.36,-0.33,-0.73,-1.16,-0.63,0.58,0.23,0.71,0.3,0.36,0.42,-0.23,-0.45,-1.17,-1.15,-1.02,-0.21,-0.33,-0.79,-0.53,0
272,0.79,1.37,0.1,-0.08,-1.31,-1.82,-2.11,-2.65,0.58,-1.01,0.34,-0.39,-0.57,-2.06,-2.49,-3.31,-0.49,-2.01,-1.64,-2.04,-1.91,-1.0,-1.52,-2.1,-1.91,1
413,0.37,0.32,-0.32,0.23,0.01,0.56,0.37,1.0,-0.77,0.36,0.26,1.31,0.32,1.44,0.37,1.45,-0.05,0.09,0.7,0.33,0.7,-0.11,0.32,0.75,0.38,1
134,-0.49,-1.02,0.0,-0.04,0.59,0.84,1.13,0.84,0.33,-1.57,-0.55,0.19,-0.37,0.32,1.16,-0.03,0.31,1.04,1.41,1.51,0.56,0.58,0.53,1.13,1.08,1
195,-0.59,-0.3,-0.33,0.3,-0.33,0.03,-1.61,-1.51,-3.17,-3.38,-1.07,-0.3,-1.34,-0.48,-2.15,-1.63,0.12,0.17,-1.43,-2.09,-2.28,0.22,0.35,-0.61,-0.42,1
477,1.06,1.01,0.2,-0.2,-0.77,-1.13,-1.46,-1.4,-1.65,-0.71,0.72,-0.01,0.53,0.09,-0.82,0.39,-0.39,-2.0,-2.73,-2.55,-1.79,-0.61,-1.0,-2.03,-2.05,0
362,1.53,1.2,0.06,-0.01,-1.15,-0.63,-1.81,-0.75,-1.96,-0.38,-0.63,-0.41,-0.87,0.26,-1.66,0.72,-0.06,-1.46,-1.99,-2.58,-1.37,-0.26,-0.6,-1.29,-1.68,1
385,0.66,0.68,-0.15,0.15,-0.95,-0.66,-1.37,-1.2,-3.15,-2.7,-0.44,0.13,-0.57,-0.43,-1.22,-0.6,0.04,-1.04,-1.63,-2.19,-1.88,-0.19,-0.12,-1.07,-1.36,1
0,0.59,0.15,0.07,-0.02,-0.13,-0.17,-0.61,-0.28,-1.28,-0.42,0.48,-0.04,0.16,0.1,-0.26,0.27,0.07,-0.42,-0.73,-1.1,-0.63,0.02,-0.15,-0.41,-0.48,0
339,1.29,1.58,-0.08,0.01,-0.8,-0.72,-1.09,-1.29,-1.55,-1.86,-0.95,-1.0,-1.65,-1.38,-1.94,-1.43,0.03,-0.99,-0.93,-1.01,-1.2,-0.19,-0.3,-0.98,-0.82,1
51,-1.06,-1.27,-0.17,0.09,0.79,1.23,1.06,1.83,-0.08,1.46,0.83,1.37,1.36,2.08,1.55,2.9,-0.15,0.93,0.89,0.48,1.3,0.31,0.79,1.35,0.84,1
88,-1.14,-1.44,0.34,-0.38,1.59,1.31,2.08,3.12,4.87,8.02,0.6,0.64,-0.17,0.04,0.76,1.83,0.45,2.81,3.87,4.39,5.19,1.2,1.11,2.71,2.87,1
161,-0.17,-0.24,-0.09,0.02,-0.61,-0.01,-0.74,-0.27,-1.23,-0.83,-0.53,-0.53,0.13,0.68,-0.53,0.62,-0.09,-0.81,-0.93,-0.9,-0.82,-0.54,-0.42,-0.58,-0.92,1
425,-0.48,-0.44,-0.11,0.14,0.79,0.85,0.5,0.5,-1.51,-2.38,-0.82,0.06,-0.9,-0.56,-1.46,-1.37,0.49,2.11,1.9,1.26,0.52,0.74,0.75,1.67,1.96,0
163,0.07,0.01,-0.02,-0.01,-0.8,-0.4,-1.25,-0.83,-1.61,-1.3,-0.36,-0.25,-0.11,0.52,-1.02,0.24,-0.12,-1.07,-1.63,-1.55,-1.45,-0.5,-0.53,-1.13,-1.33,1
365,1.42,1.18,-0.1,0.13,-1.2,-0.76,-2.23,-1.8,-3.52,-2.92,-0.69,-0.54,-1.01,-0.38,-1.94,-0.55,-0.05,-1.47,-2.95,-3.49,-2.8,-0.25,-0.44,-1.68,-2.11,1
177,-1.06,-0.12,-0.41,0.46,-0.53,0.12,-1.45,-0.93,-2.43,-2.3,-1.54,0.05,-1.47,-0.37,-1.73,-0.93,0.14,-0.08,-1.29,-1.78,-1.65,0.05,0.49,-0.42,-0.54,1
306,1.56,2.92,-0.4,0.47,-0.96,-0.32,-1.5,-0.91,-2.63,-1.81,-0.62,-0.03,-1.6,-1.12,-2.75,-1.45,-0.38,-0.76,-0.42,-1.05,-0.82,-0.85,-0.5,-0.45,-0.8,1
284,1.65,1.85,0.15,-0.12,-1.11,-2.47,-2.91,-4.68,-4.1,-7.16,-0.17,-0.73,-1.39,-3.26,-4.32,-5.86,-0.38,-1.84,-2.56,-3.39,-4.91,-0.67,-1.63,-2.88,-1.63,1
72,-0.69,-0.7,-0.06,0.09,0.77,1.14,1.36,1.83,4.32,4.39,-0.12,0.83,-1.08,0.0,-0.5,-0.78,0.38,2.15,3.25,3.81,3.54,0.65,0.94,2.19,2.28,1
230,0.1,-0.18,0.13,-0.1,-0.29,-0.47,-1.79,-1.91,-3.43,-4.15,0.24,-0.46,-0.44,-1.41,-2.51,-2.74,0.2,0.32,-1.45,-2.34,-2.53,-0.02,-0.11,-0.66,-0.57,1
423,0.11,-0.24,-0.08,0.08,-0.35,-0.06,-0.72,-0.23,-1.64,-0.75,0.92,0.83,0.8,1.18,-0.25,0.24,-0.17,-0.98,-0.93,-1.12,-0.65,-0.19,-0.09,-0.48,-1.0,1
356,1.16,1.33,0.13,-0.1,-0.73,-0.78,-1.4,-1.27,-2.67,-2.21,-0.74,-0.75,-1.43,-1.36,-2.1,-0.95,-0.07,-1.09,-0.98,-1.54,-1.41,-0.21,-0.42,-0.88,-0.85,1
33,-2.09,-2.07,-0.08,0.08,1.74,1.6,2.66,2.61,2.35,3.13,0.73,0.45,2.02,1.81,2.76,2.51,0.17,1.88,2.63,2.68,2.78,0.84,1.49,2.39,2.32,1
351,0.22,0.2,0.12,-0.13,-0.44,-0.9,-1.87,-2.78,0.17,-3.14,0.15,-0.47,-0.2,-1.07,-2.02,-2.75,-0.1,-0.44,-2.21,-2.46,-3.13,-0.08,-0.39,-1.61,-1.23,0
39,-0.75,-1.52,0.04,0.02,0.89,1.36,4.59,5.26,12.21,13.05,1.76,1.27,3.28,3.23,8.09,7.51,-0.42,-0.24,3.4,5.76,6.88,-0.33,-0.01,2.22,1.16,1
436,0.9,1.1,0.04,-0.13,-0.28,-0.31,-0.75,-0.77,-2.89,-2.32,0.08,-0.04,0.1,-0.03,-0.65,-0.11,-0.19,-0.71,-1.33,-1.76,-1.52,-0.27,-0.33,-0.57,-0.56,0
34,-1.42,-1.58,-0.34,0.29,0.69,1.76,1.76,2.86,5.27,6.57,1.34,1.76,2.34,3.32,4.17,4.84,-0.23,0.71,0.93,1.51,3.03,-0.05,0.91,1.44,0.39,1
379,0.95,1.03,-0.06,0.07,-1.07,-0.82,-1.88,-2.16,-3.61,-3.93,-0.7,-0.67,-0.84,-0.85,-1.4,-1.15,-0.08,-1.39,-2.99,-3.26,-3.21,-0.21,-0.41,-1.71,-1.98,1
40,-0.66,-1.43,0.17,-0.1,0.77,0.87,4.29,4.49,11.53,11.85,1.88,0.98,3.3,2.89,7.78,6.95,-0.47,-0.72,2.82,5.23,5.93,-0.38,-0.36,1.57,0.83,1
455,-0.83,-1.48,0.35,-0.4,0.35,0.2,0.02,0.7,-0.37,0.64,1.08,0.66,0.91,1.03,0.37,1.34,-0.32,-0.3,-0.08,-0.27,0.46,0.07,-0.15,0.21,-0.1,1
455,-0.83,-1.48,0.35,-0.4,0.35,0.2,0.02,0.7,-0.37,0.64,1.08,0.66,0.91,1.03,0.37,1.34,-0.32,-0.3,-0.08,-0.27,0.46,0.07,-0.15,0.21,-0.1,1
75,-0.97,-1.34,0.04,-0.03,1.18,1.58,1.86,3.07,5.16,7.65,0.02,-0.07,-0.74,0.0,0.28,1.03,0.49,2.91,3.89,4.36,5.21,1.09,1.44,3.0,2.79,1
245,-0.18,0.34,-0.13,0.15,0.45,0.75,1.68,1.54,1.46,1.28,0.05,0.5,1.05,1.29,2.25,1.99,-0.08,0.18,1.53,1.74,1.59,0.05,0.3,0.97,0.72,0
496,0.69,0.61,0.08,-0.07,-0.22,-0.61,-0.59,-0.44,-2.28,-0.81,0.14,-0.57,0.15,-0.12,-0.55,0.47,-0.23,-0.65,-0.88,-1.44,-0.85,-0.19,-0.63,-0.55,-0.39,0
59,-0.11,-1.53,0.8,-0.86,1.38,-0.52,0.68,-1.61,0.73,-3.57,0.58,-0.62,-0.81,-2.56,-1.32,-5.87,0.76,2.65,2.11,2.11,-0.65,1.51,0.68,0.94,2.49,1
294,0.52,0.52,0.0,0.0,-0.62,-0.63,-1.1,-0.83,-1.7,-0.99,0.29,0.01,0.45,0.14,-0.7,0.18,-0.14,-0.97,-1.59,-1.82,-1.32,-0.53,-0.43,-1.15,-1.33,0
172,-0.14,-0.14,-0.16,0.18,-0.64,-0.2,-1.22,-1.13,-1.71,-2.06,-0.66,-0.29,-0.5,-0.06,-0.76,-0.74,-0.03,-0.76,-1.83,-1.95,-2.09,-0.3,-0.05,-0.94,-1.15,1
179,-1.21,-1.31,-0.26,0.26,0.41,1.56,1.24,3.38,4.93,7.31,-0.76,-0.16,-1.22,0.6,0.85,2.36,0.32,2.05,3.24,3.52,4.82,0.51,1.06,2.51,1.78,0
41,-0.55,-1.29,0.3,-0.23,0.71,0.33,3.78,3.32,10.32,9.82,2.01,0.76,3.27,2.42,7.16,5.82,-0.49,-1.04,2.01,4.36,4.47,-0.35,-0.64,0.79,0.51,1
365,1.42,1.18,-0.1,0.13,-1.2,-0.76,-2.23,-1.8,-3.52,-2.92,-0.69,-0.54,-1.01,-0.38,-1.94,-0.55,-0.05,-1.47,-2.95,-3.49,-2.8,-0.25,-0.44,-1.68,-2.11,1
462,0.57,0.77,-0.06,0.09,-0.1,0.46,0.05,0.38,-0.25,0.64,0.23,0.71,0.24,0.76,0.3,0.98,-0.24,-0.61,-0.61,-0.39,0.1,-0.56,-0.21,0.02,-0.4,0
133,-0.69,-1.3,0.01,-0.04,0.64,0.88,1.12,0.84,0.41,-1.45,-0.63,-0.1,-0.45,0.17,1.2,0.13,0.36,1.09,1.31,1.46,0.55,0.66,0.61,1.11,1.05,1
429,-0.26,0.2,-0.03,0.01,0.57,0.81,0.14,0.39,-0.85,-0.74,-0.47,-0.22,-0.57,-0.36,-1.02,-0.6,0.22,1.3,1.2,0.78,0.58,0.38,0.6,1.0,1.13,0
335,1.51,2.11,-0.18,0.2,-0.51,-0.36,-0.58,-0.73,-1.47,-0.45,-0.32,0.03,-0.83,-0.31,-1.09,0.12,-0.33,-1.28,-1.23,-1.04,-0.77,-0.63,-0.57,-1.01,-0.91,1
72,-0.69,-0.7,-0.06,0.09,0.77,1.14,1.36,1.83,4.32,4.39,-0.12,0.83,-1.08,0.0,-0.5,-0.78,0.38,2.15,3.25,3.81,3.54,0.65,0.94,2.19,2.28,1
439,0.65,0.71,-0.11,0.09,-0.4,-0.14,-0.56,-0.51,-2.67,-2.3,-0.09,-0.25,-0.12,-0.02,-0.46,-0.1,-0.26,-0.73,-0.93,-1.28,-1.19,-0.43,-0.26,-0.31,-0.47,0
507,0.69,0.95,-0.03,0.01,-0.77,-0.52,-1.38,-1.23,-2.55,-2.24,-0.17,0.2,-0.22,-0.14,-0.8,-0.42,-0.17,-1.28,-1.86,-2.18,-1.92,-0.48,-0.48,-1.3,-1.37,0
98,-0.45,-1.09,-0.01,0.03,1.34,1.76,3.17,4.16,7.04,9.41,0.44,-0.59,0.71,0.77,3.3,3.11,0.14,2.84,4.58,5.51,6.26,0.5,1.19,3.2,3.0,1
366,1.17,1.11,-0.09,0.11,-1.14,-0.79,-2.1,-2.04,-3.69,-3.58,-0.71,-0.61,-0.95,-0.66,-1.72,-0.93,-0.06,-1.43,-3.03,-3.45,-3.09,-0.23,-0.42,-1.71,-2.07,1
490,0.98,1.05,-0.04,0.04,-0.26,0.03,-0.19,0.28,-1.81,-0.86,0.13,0.11,0.28,0.15,-0.14,0.48,-0.12,-0.39,0.07,-0.52,0.13,-0.28,-0.22,0.2,-0.14,0
18,-0.86,-1.16,-0.09,0.06,0.89,0.86,2.26,2.47,6.18,8.1,0.75,0.74,1.85,1.94,4.48,4.36,-0.11,0.11,0.75,2.2,3.29,0.07,0.19,0.71,0.48,0
222,-0.02,-0.31,0.0,0.0,-0.37,-0.83,-1.85,-2.65,-3.25,-3.59,-0.19,-0.59,-0.67,-1.1,-1.85,-2.1,0.18,-0.01,-2.84,-3.08,-3.36,0.16,-0.17,-1.72,-1.02,1
232,-0.39,-0.25,-0.28,0.28,0.86,0.9,2.74,1.67,2.7,1.47,0.47,0.92,1.53,1.45,3.37,1.72,-0.19,0.31,1.85,2.8,1.82,0.0,0.28,1.06,1.11,0
134,-0.49,-1.02,0.0,-0.04,0.59,0.84,1.13,0.84,0.33,-1.57,-0.55,0.19,-0.37,0.32,1.16,-0.03,0.31,1.04,1.41,1.51,0.56,0.58,0.53,1.13,1.08,1
286,1.84,2.72,-0.08,0.08,-1.58,-2.41,-3.11,-4.52,-4.43,-7.22,-0.34,-0.14,-1.92,-3.32,-4.82,-5.89,-0.31,-2.04,-2.45,-3.38,-4.81,-0.84,-1.66,-2.74,-1.71,1
343,0.36,0.25,0.14,-0.13,-0.61,-0.96,-1.77,-2.05,-2.55,-2.56,-0.09,-0.35,-0.52,-1.16,-1.9,-1.81,-0.04,-0.65,-2.08,-2.49,-2.42,-0.2,-0.54,-1.59,-1.32,0
15,-0.56,-0.66,-0.11,0.12,-0.21,-0.28,-0.77,-0.96,-0.19,0.95,0.65,0.42,0.61,0.6,0.74,0.93,-0.22,-0.93,-2.56,-2.0,-1.34,-0.25,-0.26,-1.32,-1.38,0
25,-1.13,-1.58,-0.17,0.05,1.49,1.47,2.2,2.36,0.8,1.68,0.68,0.7,1.67,1.87,2.3,2.48,0.04,1.6,2.25,1.96,2.26,0.56,1.07,2.1,2.01,1
116,-0.63,-1.2,0.12,-0.12,0.89,0.73,1.75,1.54,0.66,0.95,-0.44,-0.8,0.47,-0.02,2.12,0.65,0.18,0.93,1.18,1.58,1.52,0.21,0.91,1.2,1.08,1
267,0.48,1.25,-0.23,0.19,-1.47,-1.82,-3.53,-4.23,-7.94,-7.6,-0.26,-0.52,-1.38,-2.35,-4.43,-4.23,0.09,-1.51,-4.1,-5.08,-5.44,-0.21,-0.5,-2.96,-2.4,1
276,0.09,0.36,0.08,-0.1,-0.44,-0.15,-0.26,0.69,-0.44,0.72,-0.16,0.18,0.22,0.55,0.02,1.12,0.0,-0.44,0.47,0.0,0.7,-0.23,-0.12,0.04,-0.44,0
134,-0.49,-1.02,0.0,-0.04,0.59,0.84,1.13,0.84,0.33,-1.57,-0.55,0.19,-0.37,0.32,1.16,-0.03,0.31,1.04,1.41,1.51,0.56,0.58,0.53,1.13,1.08,1
452,-0.19,-0.07,0.47,-0.54,-0.17,-0.89,-0.93,-0.67,-1.36,-0.79,1.27,1.2,0.9,0.48,-0.15,0.57,-0.51,-1.76,-1.65,-1.5,-1.1,-0.15,-1.07,-1.3,-1.45,1
186,-0.31,0.3,-0.75,0.67,-0.15,1.56,1.92,4.15,6.19,8.09,0.16,1.44,0.64,1.7,3.29,4.09,-0.53,1.03,3.16,3.62,5.62,-0.92,0.49,2.29,0.82,1
492,0.84,1.08,-0.02,0.02,-0.17,-0.09,-0.09,0.12,-1.33,-0.56,0.12,-0.02,0.38,0.11,0.11,0.45,-0.15,-0.4,-0.08,-0.5,-0.01,-0.23,-0.29,0.03,-0.13,0
210,-0.51,-0.51,-0.08,0.07,1.34,1.13,3.31,2.34,3.91,2.92,0.35,-0.04,1.59,1.1,3.86,1.82,0.1,0.89,2.46,3.73,2.9,0.39,0.66,1.63,1.7,0
22,-1.99,-2.06,-0.16,0.11,1.67,1.62,2.56,2.55,2.08,2.84,0.66,0.31,1.95,1.91,2.69,2.44,0.14,1.82,2.58,2.54,2.7,0.75,1.45,2.33,2.26,1
22,-1.99,-2.06,-0.16,0.11,1.67,1.62,2.56,2.55,2.08,2.84,0.66,0.31,1.95,1.91,2.69,2.44,0.14,1.82,2.58,2.54,2.7,0.75,1.45,2.33,2.26,1
123,-0.46,-0.55,-0.17,0.14,1.08,0.93,2.12,1.67,1.53,1.09,0.07,0.51,1.11,1.26,2.62,1.92,0.0,0.91,1.35,1.97,1.63,0.17,0.33,1.12,1.16,1
155,0.23,-0.27,0.13,-0.17,0.42,0.34,1.03,0.59,-0.14,0.03,-0.04,-0.21,0.98,1.19,1.52,1.36,0.08,-0.17,0.44,0.82,0.33,-0.13,-0.18,0.35,0.35,1
487,0.49,0.8,-0.07,0.06,-0.66,-0.18,-0.73,-0.15,-2.57,-1.79,-0.18,0.1,-0.26,0.0,-0.66,0.39,-0.27,-0.89,-0.58,-1.19,-0.57,-0.5,-0.47,-0.25,-0.77,0
140,-0.95,-1.17,0.34,-0.29,0.21,-0.67,0.67,-1.01,-0.55,-2.12,-1.06,-1.21,-0.01,-0.73,1.22,-0.89,0.27,0.27,-0.29,0.4,-1.23,0.5,-0.03,-0.69,0.32,1
494,0.61,0.81,0.03,-0.03,-0.18,-0.38,-0.27,-0.15,-1.52,-0.51,0.07,-0.37,0.25,-0.03,-0.08,0.49,-0.22,-0.54,-0.45,-0.86,-0.38,-0.22,-0.5,-0.28,-0.25,0
330,0.42,0.54,0.03,-0.03,-0.65,-0.8,-2.27,-2.12,-3.63,-2.96,-0.16,0.07,-0.82,-0.62,-2.72,-1.61,-0.08,-0.61,-2.33,-3.18,-2.74,-0.15,-0.25,-1.56,-1.37,0
398,-0.05,0.5,-0.15,0.13,0.09,-0.11,0.02,-0.21,2.39,0.41,-0.16,0.15,-0.56,-0.65,-1.17,-1.77,0.07,0.73,1.36,1.13,0.54,0.06,-0.11,0.57,0.91,0
441,0.76,0.54,-0.19,0.19,-0.44,-0.07,-0.51,-0.25,-2.65,-1.79,-0.06,-0.26,-0.13,0.06,-0.51,0.1,-0.21,-0.67,-0.62,-1.16,-0.82,-0.44,-0.21,-0.16,-0.37,0
481,1.28,1.39,-0.15,0.17,-1.3,-1.23,-1.75,-2.2,-2.51,-2.5,0.39,0.33,0.15,-0.05,-0.75,-0.29,-0.51,-2.51,-3.57,-3.12,-2.99,-0.94,-1.08,-2.53,-2.65,0
148,0.07,0.0,0.21,-0.23,0.57,0.09,1.58,0.86,1.55,1.21,-0.1,-0.48,1.36,0.77,2.68,2.0,-0.04,-0.15,0.34,1.28,0.52,0.02,-0.33,0.09,0.4,1
43,-0.23,-1.01,0.56,-0.54,0.94,-0.53,2.65,0.58,7.23,4.55,2.14,0.49,2.88,1.05,5.28,2.14,-0.28,-0.75,0.67,2.61,1.28,-0.01,-0.77,-0.41,0.44,1
476,0.88,0.96,0.2,-0.21,-0.59,-0.95,-1.18,-1.13,-1.3,-0.51,0.8,0.07,0.67,0.19,-0.62,0.54,-0.34,-1.78,-2.25,-2.14,-1.44,-0.52,-0.89,-1.74,-1.74,0
75,-0.97,-1.34,0.04,-0.03,1.18,1.58,1.86,3.07,5.16,7.65,0.02,-0.07,-0.74,0.0,0.28,1.03,0.49,2.91,3.89,4.36,5.21,1.09,1.44,3.0,2.79,1
182,-0.72,-0.16,-0.25,0.26,-0.01,1.29,1.01,2.96,4.82,6.43,-0.76,-0.04,-0.78,0.95,1.38,2.42,0.36,1.15,2.33,2.86,4.22,0.35,0.78,1.78,0.8,0
204,-1.13,-0.97,0.0,0.04,1.23,1.13,2.36,2.07,1.36,1.35,-0.79,-0.14,0.27,0.42,1.98,0.81,0.5,1.39,2.16,2.62,2.39,0.86,0.9,1.79,1.8,0
356,1.16,1.33,0.13,-0.1,-0.73,-0.78,-1.4,-1.27,-2.67,-2.21,-0.74,-0.75,-1.43,-1.36,-2.1,-0.95,-0.07,-1.09,-0.98,-1.54,-1.41,-0.21,-0.42,-0.88,-0.85,1
128,-0.81,-1.21,0.19,-0.13,1.02,0.52,1.92,1.11,1.77,0.23,-0.18,-1.21,0.16,0.44,2.33,0.68,0.34,1.33,1.39,2.05,0.95,0.8,0.63,0.97,1.35,1
362,1.53,1.2,0.06,-0.01,-1.15,-0.63,-1.81,-0.75,-1.96,-0.38,-0.63,-0.41,-0.87,0.26,-1.66,0.72,-0.06,-1.46,-1.99,-2.58,-1.37,-0.26,-0.6,-1.29,-1.68,1
205,-1.09,-1.14,-0.05,0.09,1.31,1.23,2.6,2.28,1.67,1.6,-0.69,-0.12,0.42,0.57,2.25,1.09,0.47,1.47,2.42,2.92,2.65,0.83,0.96,1.92,1.93,0
154,0.03,-0.54,0.2,-0.24,0.44,0.15,1.02,0.31,-0.28,-0.3,-0.08,-0.23,0.99,0.98,1.57,1.11,0.04,-0.14,0.18,0.67,0.0,-0.1,-0.25,0.14,0.29,1
492,0.84,1.08,-0.02,0.02,-0.17,-0.09,-0.09,0.12,-1.33,-0.56,0.12,-0.02,0.38,0.11,0.11,0.45,-0.15,-0.4,-0.08,-0.5,-0.01,-0.23,-0.29,0.03,-0.13,0
321,1.28,2.56,-0.03,0.12,-0.88,-0.4,-0.84,-0.21,0.69,0.8,-0.53,-0.28,-1.04,-0.92,-1.09,-0.49,-0.21,-1.11,-0.17,-0.16,0.45,-0.68,-0.66,-0.71,-1.1,1
139,-0.84,-0.98,0.31,-0.27,0.23,-0.63,0.72,-0.91,-0.7,-2.49,-1.03,-1.29,-0.13,-0.72,1.07,-1.12,0.27,0.4,-0.03,0.53,-1.17,0.52,0.06,-0.5,0.47,1
243,-0.15,0.22,-0.12,0.14,0.61,0.84,2.0,1.55,1.5,0.84,0.13,0.42,1.23,1.21,2.55,1.82,-0.1,0.28,1.65,1.99,1.54,0.09,0.36,1.08,0.87,0
186,-0.31,0.3,-0.75,0.67,-0.15,1.56,1.92,4.15,6.19,8.09,0.16,1.44,0.64,1.7,3.29,4.09,-0.53,1.03,3.16,3.62,5.62,-0.92,0.49,2.29,0.82,1
2,0.45,-0.22,0.16,-0.11,0.23,-0.04,-0.21,-0.14,-1.01,-0.11,0.8,0.03,0.55,0.22,0.0,0.42,0.11,-0.03,-0.37,-0.72,-0.39,0.11,-0.14,-0.15,-0.03,0
244,-0.14,0.31,-0.11,0.13,0.54,0.81,1.83,1.55,1.48,1.06,0.1,0.42,1.15,1.25,2.39,1.91,-0.08,0.24,1.6,1.85,1.57,0.09,0.35,1.04,0.79,0
289,1.53,2.85,-0.14,0.19,-1.48,-1.39,-1.9,-1.96,-0.17,-1.87,-0.41,0.05,-2.08,-2.32,-3.66,-3.77,-0.22,-1.29,-0.22,-0.85,-1.22,-0.86,-1.27,-1.07,-0.87,1
145,0.08,-0.31,0.26,-0.26,0.57,0.53,1.51,1.13,1.84,1.64,0.01,0.09,1.14,1.24,2.65,2.0,0.15,0.14,0.67,1.47,0.95,0.29,-0.11,0.45,0.56,1
76,-1.06,-1.47,0.14,-0.15,1.31,1.51,1.87,3.15,4.98,7.94,0.19,0.01,-0.6,-0.05,0.34,1.39,0.49,2.93,3.9,4.31,5.3,1.18,1.39,2.96,2.82,1
381,0.8,0.9,0.01,-0.01,-0.99,-0.89,-1.45,-2.08,-3.04,-3.72,-0.61,-0.63,-0.62,-0.92,-0.82,-1.09,-0.1,-1.37,-2.7,-2.74,-3.02,-0.2,-0.39,-1.64,-1.78,1
433,0.01,0.12,-0.22,0.2,0.39,1.0,0.22,1.16,1.56,1.89,-0.29,0.15,-0.18,0.5,-0.05,0.79,0.08,0.92,1.18,1.0,1.74,0.11,0.44,1.0,0.64,0
82,-1.12,-1.55,0.25,-0.25,0.76,-0.49,-0.68,-2.11,-1.51,-4.77,-0.97,-0.94,-2.82,-3.3,-4.19,-7.27,0.72,2.37,1.59,1.2,-1.31,1.26,0.89,0.74,2.02,0
326,-0.28,-0.01,-0.09,0.08,-0.5,-0.33,-1.73,-1.43,-2.44,-2.09,-0.07,-0.25,-0.36,-0.48,-2.01,-1.22,-0.17,-0.24,-1.6,-2.43,-1.89,-0.17,0.02,-0.87,-1.01,0
25,-1.13,-1.58,-0.17,0.05,1.49,1.47,2.2,2.36,0.8,1.68,0.68,0.7,1.67,1.87,2.3,2.48,0.04,1.6,2.25,1.96,2.26,0.56,1.07,2.1,2.01,1
32,-2.02,-2.04,0.02,0.0,1.87,1.57,2.81,2.69,2.54,3.28,0.86,0.64,2.12,1.66,2.88,2.59,0.21,1.99,2.7,2.84,2.86,0.95,1.49,2.46,2.44,1
166,0.51,0.53,0.08,-0.05,-0.62,-0.56,-0.92,-0.92,-0.58,-0.59,-0.15,0.49,-0.04,0.34,-0.4,0.26,-0.08,-1.23,-1.68,-1.32,-1.4,-0.41,-0.58,-1.28,-1.24,1
477,1.06,1.01,0.2,-0.2,-0.77,-1.13,-1.46,-1.4,-1.65,-0.71,0.72,-0.01,0.53,0.09,-0.82,0.39,-0.39,-2.0,-2.73,-2.55,-1.79,-0.61,-1.0,-2.03,-2.05,0
